Category	SubCategory	CatID	CatShort	Category_zh	SubCategory_zh	Synonyms_zh
AIR	BLOW	AIRBlow	AIR	气体	吹	稳定的气流、气压释放、释放、吹气、喷射、颤动
AIR	BURST	AIRBrst	AIR	气体	爆发	空气爆炸、空气爆破、噗噗、喷射、气爆
AIR	HISS	AIRHiss	AIR	气体	嘶嘶声	放气、排气、 漏气、排出
AIR	MISC	AIRMisc	AIR	气体	其它	各种各样的、 其他空气声音
AIR	SUCTION	AIRSuck	AIR	气体	抽吸	吸气、 吸入、吸尘器
AIRCRAFT	DOOR	AERODoor	AERO	航空器	门	驾驶舱门、飞机门、舱门、紧急出口
AIRCRAFT	HELICOPTER	AEROHeli	AERO	航空器	直升机	旋翼机、 直升机、
AIRCRAFT	INTERIOR	AEROInt	AERO	航空器	航空舱	飞机、飞机内部录音、复杂环境音、 客机、驾驶舱内部、 滑翔机、 齐柏林飞艇、 喷气客机、 大型喷气式飞机、 里尔喷气机、 空中客车、 波音、 庞巴迪 737、 747、 777、 A310、 DC-10、 A330、 A350、 A380、 战斗机
AIRCRAFT	JET	AEROJet	AERO	航空器	喷气式飞机	客机、 喷气客机、 大型喷气式飞机、 里尔喷气机、 空中客车公司、 波音、 庞巴迪、 737、 747、 777、 A310、 DC-10、 A330、 A350、 A380
AIRCRAFT	MECHANISM	AEROMech	AERO	航空器	机械	起落架、驾驶舱操纵杆、方向舵、襟翼、起落架
AIRCRAFT	MILITARY	AEROMil	AERO	航空器	军用	战斗机、轰炸机、隐形轰炸机、蓝天使特技飞行队、雷鸟、军用无人机、 洛克希德、米格、F18、F16、F35、F22、A10、P52、 军用飞机
AIRCRAFT	MISC	AEROMisc	AERO	航空器	其它	飞艇、 滑翔机、 热气球、 超轻型、 悬挂式滑翔机、 齐柏林飞艇、 飞船、 其他种类的飞机
AIRCRAFT	PROP	AEROProp	AERO	航空器	螺旋桨飞机	双翼飞机、三翼飞机、涡轮螺旋桨飞机、特技飞机、作物喷粉器、农用飞机、螺旋桨、双螺旋桨、螺旋桨喷气发动机、螺旋桨
AIRCRAFT	RADIO CONTROLLED	AERORadio	AERO	航空器	塔台	四轴飞行器、 无人机、 无人驾驶飞行器、 遥控直升机
AIRCRAFT	ROCKET	AERORckt	AERO	航空器	火箭	火箭、 导弹、 喷气背包、 航天飞机、 SpaceX、 美国航空航天局、 洲际导弹、 核火箭、 推进器
ALARMS	BELL	ALRMBell	ALRM	警报	警铃	火铃、校铃、铁路道口铃、 平交道警铃、雪橇铃
ALARMS	BUZZER	ALRMBuzr	ALRM	警报	蜂鸣器	门铃、游戏节目蜂鸣器
ALARMS	CLOCK	ALRMClok	ALRM	警报	钟表	数字闹钟、闹钟
ALARMS	ELECTRONIC	ALRMElec	ALRM	警报	电器	火灾探测器、家庭防盗报警器、 二氧化碳报警器、 报警器系统
ALARMS	MISC	ALRMMisc	ALRM	警报	其它	各种各样的、 其他种类的警报
ALARMS	SIREN	ALRMSirn	ALRM	警报	警报	空袭警报器、汽笛、 车辆鸣笛、 警车警笛、 救护车警笛
AMBIENCE	AIR	AMBAir	AMB	环境	空气	沙漠、冬天、安静的空气、夜间空气、山间空气、房屋外空气
AMBIENCE	ALPINE	AMBAlpn	AMB	环境	高山	山、落基山脉、群山、雪山、山腰、山峰
AMBIENCE	AMUSEMENT	AMBAmus	AMB	环境	娱乐	迪士尼乐园、 主题公园、 游乐园、 嘉年华、 工会、 市集、 旅游博览会、 展览、 儿童乐园
AMBIENCE	BIRDSONG	AMBBird	AMB	环境	鸟鸣	合唱团、鸟鸣、啁啾、鸣叫
AMBIENCE	CELEBRATION	AMBCele	AMB	环境	庆典	公众聚会、活动、派对、晚会、嘉年华
AMBIENCE	CONSTRUCTION	AMBCnst	AMB	环境	施工	道路建设、 建筑、 木工、手提钻、起重机、打桩机、复合施工场景、道路施工
AMBIENCE	DESERT	AMBDsrt	AMB	环境	沙漠	沙漠、风滚草、绿洲、贫瘠、荒地、撒哈拉、干旱、沙丘
AMBIENCE	DESIGNED	AMBDsgn	AMB	环境	设计	人造场景、幻想、科幻、中土、魔幻
AMBIENCE	EMERGENCY	AMBEmrg	AMB	环境	紧急	犯罪现场、消防、警察、医务人员、证据、自然灾害、射击、事故、灾难、伤害、泥石流、 地震、 洪水
AMBIENCE	FANTASY	AMBFant	AMB	环境	奇幻	幻想、科幻、中土世界
AMBIENCE	FARM	AMBFarm	AMB	环境	农场	农场、收获、耕作、牧场、农庄、田庄、种植园、农田、谷仓、牧场、农作物、稻谷、乳制品、葡萄园、畜栏、田园、拖拉机
AMBIENCE	FOREST	AMBForst	AMB	环境	森林	森林、树林、林地、热带雨林、雨林、云雾林、落叶、针叶树、阔叶林
AMBIENCE	GRASSLAND	AMBGras	AMB	环境	草地	草原、农田、草地、草地、放牧、牧场、草甸
AMBIENCE	HISTORICAL	AMBHist	AMB	环境	历史年代	鬼城、 老西部、 淘金热、 古罗马、 古希腊
AMBIENCE	HITECH	AMBTech	AMB	环境	高科技	实验室、机房、服务器、数据中心、控制室、宇宙飞船内部
AMBIENCE	HOSPITAL	AMBHosp	AMB	环境	医院	急诊室、手术室、候诊室、病房、诊所、疗养院、医务室、 兽医医院
AMBIENCE	INDUSTRIAL	AMBInd	AMB	环境	工业	工厂、制造、厂、车间、仓库
AMBIENCE	INSECT	AMBInsc	AMB	环境	昆虫	蝉、 蟋蟀、 昆虫
AMBIENCE	LAKESIDE	AMBLake	AMB	环境	湖岸	湖泊、湖边、水波浪、游泳、水库、池塘、湖泊
AMBIENCE	MARKET	AMBMrkt	AMB	环境	市场	市场、供应商、购物区、集市、交换、跳蚤市场、广场
AMBIENCE	MISC	AMBMisc	AMB	环境	其它	其他种类的环境、 各种各样的
AMBIENCE	NAUTICAL	AMBNaut	AMB	环境	航海	航海、造船厂、船尾甲板、船头、船尾、捕鱼、 航海、远洋、船舱、 深海、 海洋、海事、码头、船坞
AMBIENCE	OFFICE	AMBOffc	AMB	环境	办公室	办公室、隔间、工作场所、部门、车站、分支机构、工作站
AMBIENCE	PARK	AMBPark	AMB	环境	公园	公园、 操场、 花园、 植物园、 城市公园、 郊区公园、 棒球场
AMBIENCE	PRISON	AMBPrisn	AMB	环境	监狱	监狱、 监狱院子、 拘留、 监禁室、 刑罚机构、 禁闭室、 拘留所、 放风场
AMBIENCE	PROTEST	AMBPrtst	AMB	环境	游行	抗议、集会、集会、骚乱、高喊、大喊大叫、尖叫、愤怒的人群、游行、示威、动荡、反抗、革命、愤怒、 怒吼、 口号
AMBIENCE	PUBLIC PLACE	AMBPubl	AMB	环境	公共场所	除餐厅外其他室内或室外公共场所、商店、大堂、酒店、商场、博物馆、公共广场、庭院
AMBIENCE	RELIGIOUS	AMBRlgn	AMB	环境	宗教场所	教堂、寺庙、清真寺、教堂、宗教集会、大教堂、朝圣
AMBIENCE	RESIDENTIAL	AMBHome	AMB	环境	住宅区	房间、 窗外、 室内
AMBIENCE	RESTAURANT & BAR	AMBRest	AMB	环境	餐馆	餐厅、酒吧、酒馆、美食酒吧、餐车、小餐馆、咖啡厅、自助餐厅、食堂、茶室、沙龙、咖啡店、比萨店、快餐店、酒吧、自动售货机、小卖部、夜总会、熟食店、餐馆
AMBIENCE	ROOM TONE	AMBRoom	AMB	环境	房间底噪	房间、寂静、安静的空气、 空荡
AMBIENCE	RURAL	AMBRurl	AMB	环境	农村	农村、平原、草原、山、连绵起伏的丘陵、树林、草地、峡谷、断崖、灌木丛、高原、 戈壁
AMBIENCE	SCHOOL	AMBSchl	AMB	环境	校园	小学、初中、高中、学院、学前班、大学、课堂、大会、教室、 操场、 学校走廊、 放学、 食堂
AMBIENCE	SCIFI	AMBSci	AMB	环境	科幻	科技实验室、 宇宙飞船、 赛伯朋克、 蒸汽朋克
AMBIENCE	SEASIDE	AMBSea	AMB	环境	海边	海滩、海边、沿海、沙滩、海岸线、海滨、木板路、海滩度假村、海堤、码头、海港、 岸边
AMBIENCE	SPORT	AMBSprt	AMB	环境	运动场	NFI、 足球、 NBA、 篮球、 美国职业棒球大联盟、 棒球、 网球、 体育赛事、 小联盟、 训练、排球、冰球
AMBIENCE	SUBURBAN	AMBSubn	AMB	环境	郊区	郊区、住宅、邻里、死胡同、村庄、乡村、郊区
AMBIENCE	SWAMP	AMBSwmp	AMB	环境	沼泽地	青蛙、沼泽、湿地、河岸、湖边、湖、红树林、 湿地树木
AMBIENCE	TOWN	AMBTown	AMB	环境	小镇	镇、村、小村庄、小镇、社区、社区
AMBIENCE	TRAFFIC	AMBTraf	AMB	环境	交通	车道、 高速公路、 林荫大道、 公路、 马路
AMBIENCE	TRANSPORTATION	AMBTran	AMB	环境	交通工具	火车站、机场、汽车站、地铁站、终点站、车厂、火车、公交车站
AMBIENCE	TROPICAL	AMBTrop	AMB	环境	热带	丛林、灌木、热带雨林、云雾林、热带植物
AMBIENCE	TUNDRA	AMBTndra	AMB	环境	冻土	北极、南极、高原、极地、冰川、雪、冰原、 雪原、 暴风雪
AMBIENCE	UNDERGROUND	AMBUndr	AMB	环境	地下	洞穴、滴水、回声、下水道、地堡、隧道、地牢、熔岩管、地窖、地下、沉没、埋藏、地下室、竖井、矿井、通道、矿道
AMBIENCE	UNDERWATER	AMBUndwtr	AMB	环境	水下	水下、礁石、珊瑚、海沟、淹没、海底、水下、海底生物、 深海、 鱼类、 鲨鱼
AMBIENCE	URBAN	AMBUrbn	AMB	环境	城市	大都市、 密集的城市、 城市、 市中心、 内城、 大都会、 繁华、 高峰时间、 拥堵、 贫民窟、 金融区、 城区、 高楼、 街区、 人群
AMBIENCE	WARFARE	AMBWar	AMB	环境	战争	战争、战斗、小规模冲突、遭遇、攻击、进攻、闪电战、空袭、突袭、轰炸、弹幕、飞弹、闪电战、齐射、高射炮、战舰、大炮
ANIMALS	AMPHIBIAN	ANMLAmph	ANML	动物	两栖动物	青蛙、蟾蜍、牛蛙、蝾螈、黄花鱼
ANIMALS	AQUATIC	ANMLAqua	ANML	动物	水生动物	鲸鱼、 海豚、 鼠海豚、 海狮、 虎鲸、 逆戟鲸、 海牛、 海象、 海豹、 水獭、 海獭、 白鲸、 独角鲸、 儒艮、 鲨鱼、 黄貂鱼、 海蜇、 鱿鱼、 章鱼
ANIMALS	BAT	ANMLBat	ANML	动物	蝙蝠	狐蝠、吸血蝙蝠、果蝠
ANIMALS	CAT DOMESTIC	ANMLCat	ANML	动物	家猫	喵、呼噜声、小猫、大猫、猫科动物、胡同猫、 长毛猫、 短毛猫
ANIMALS	CAT WILD	ANMLWcat	ANML	动物	猫科动物	狮子、老虎、美洲狮、豹、美洲虎、雪豹、猎豹、猞猁、山猫、狞猫、豹猫、豹、薮猫
ANIMALS	DOG	ANMLDog	ANML	动物	狗	狗、猎犬、吠声、小狗、大狗、哈巴狗、杂种狗、巡回犬、 牧羊犬、 柯基、 柴犬
ANIMALS	DOG WILD	ANMLWdog	ANML	动物	犬科动物	狼、狐狸、土狼、豺狼、野狗、狼疮、 藏狐
ANIMALS	FARM	ANMLFarm	ANML	动物	养殖场	牛、绵羊、山羊、猪、牛、美洲驼、羊驼、 奶牛
ANIMALS	HORSE	ANMLHors	ANML	动物	马	驴、骡、驴、斑马
ANIMALS	INSECT	ANMLInsc	ANML	动物	昆虫	蚱蜢、蟋蟀、蝉、果蝇、蜜蜂、黄蜂、 蚂蜂、大黄蜂、螳螂、独角仙、蝗虫、甲虫、蟑螂
ANIMALS	MISC	ANMLMisc	ANML	动物	其它	其他种类的动物、 各种各样的
ANIMALS	PRIMATE	ANMLPrim	ANML	动物	灵长类	黑猩猩、猿、大猩猩、狐猴、卷尾猴、狨猴、猴子、长臂猿、倭黑猩猩、狒狒
ANIMALS	REPTILE	ANMLRept	ANML	动物	爬行动物	蛇、蜥蜴、鳄鱼、鳄鱼、龟、恒河鳄、凯门鳄、壁虎
ANIMALS	RODENT	ANMLRdnt	ANML	动物	啮齿动物	老鼠、 松鼠、 鼹鼠、 豪猪、 豚鼠、 花栗鼠、 海狸、 地鼠、 浣熊、 草原土拨鼠、 沙鼠、 仓鼠、 土拨鼠、 旅鼠、 麝鼠、 龙猫
ANIMALS	WILD	ANMLWild	ANML	动物	野生动物	熊、长颈鹿、河马、大象、麋鹿、鹿、斑羚、獾、食蚁兽、鸭嘴兽、树懒、金刚狼、野猪、袋熊、考拉、袋鼠、小袋鼠、角马、鬣狗、熊猫、羚羊、浣熊、麋鹿、驯鹿、犀牛、土豚、疣猪、黑斑羚、河马、蜜獾、水牛、驼鹿
ARCHIVED	ADR	ADR	ADR	归档	ADR	后期录音
ARCHIVED	ASSET	ASSET	ASSET	归档	资源	资产、资源、标签
ARCHIVED	BOUNCE	BNCE	BNCE	归档	导出	素材导出、多层素材合并
ARCHIVED	IMPULSE RESPONSE	IR	IR	归档	卷积混响素材	混响、IR、卷积混响、混响采样
ARCHIVED	LOOP GROUP	LPGRP	LPGRP	归档	循环群组	循环声音素材
ARCHIVED	MIX	MIX	MIX	归档	混音	预混、最终混音、M&E、混音、分轨
ARCHIVED	PFX	PFX	PFX	归档	现场音效	现场音效
ARCHIVED	PRODUCTION	PROD	PROD	归档	现场对白	对话、 台词
ARCHIVED	RAW	RAW	RAW	归档	原始素材	数据磁带、原始文件、未处理的素材
ARCHIVED	REFERENCE	REF	REF	归档	参考素材	参考、灵感
ARCHIVED	SCENE	SCNE	SCNE	归档	场景素材	素材、 设计的素材
ARCHIVED	TEST TONE	TEST	TEST	归档	测试音	adr 哔哔声、测试音、哔音、2pops、白噪声、粉红噪声、正弦波扫描、 信号
ARCHIVED	TRADEMARKED	TMARK	TMARK	归档	商标音	商标、版权、产品声音、许可、注册、合法、 标识
ARCHIVED	WORK IN PROGRESS	WIP	WIP	归档	过程中素材	工作进行中、未完成
ARCHIVED	WTF	WTF	WTF	归档	未确认素材	不可归类的、未知的
BEEPS	APPLIANCE	BEEPAppl	BEEP	提示音	电器	微波炉、洗碗机、洗衣机、烘干机
BEEPS	GENERAL	BEEP	BEEP	提示音	通用	嘟
BEEPS	LOFI	BEEPLofi	BEEP	提示音	低保真	电话音、电视音、广播
BEEPS	MEDICAL	BEEPMed	BEEP	提示音	医疗器械	心电图、KDC、心脏监护仪、超声波、医用
BEEPS	TIMER	BEEPTimer	BEEP	提示音	计时器	微波炉、烤箱定时器、数字手表、定时器
BEEPS	VEHICLE	BEEPVeh	BEEP	提示音	车辆	叉车蜂鸣、备用蜂鸣
BELLS	ANIMAL	BELLAnml	BELL	钟铃	动物	牛铃、狗铃、猫铃
BELLS	DOORBELL	BELLDoor	BELL	钟铃	门铃	门铃、叮咚
BELLS	GONG	BELLGong	BELL	钟铃	锣	锣、 铜钟
BELLS	HANDBELL	BELLHand	BELL	钟铃	手铃	手摇铃、晚餐铃、校铃、雪橇铃
BELLS	LARGE	BELLLrg	BELL	钟铃	大钟	寺庙钟、 教堂钟、 大钟、编钟
BELLS	MISC	BELLMisc	BELL	钟铃	其它	自行车铃、服务铃、呼叫铃
BIRDS	BIRD OF PREY	BIRDPrey	BIRD	鸟类	猛禽	鹰、猎鹰、猫头鹰、秃鹫、秃鹰、秃鹰、风筝、鱼鹰、鹞、红隼
BIRDS	CROW	BIRDCrow	BIRD	鸟类	乌鸦	乌鸦、喜鹊
BIRDS	FOWL	BIRDFowl	BIRD	鸟类	家禽	鸡、雉鸡、火鸡、鹅、松鸡、鸭、天鹅、鹧鸪、野鸭、绒鸭、鹌鹑、雷鸟
BIRDS	MISC	BIRDMisc	BIRD	鸟类	其它	杜鹃、 啄木鸟、 夜鹰、 蜂鸟
BIRDS	SEA	BIRDSea	BIRD	鸟类	海鸟	海鸥、 塘鹅、 信天翁、 鸬鹚、 鹈鹕、 企鹅、 海燕、 燕鸥、 军舰鸟、 鲣鸟、 鸻、 鹬、 海雀
BIRDS	SONGBIRD	BIRDSong	BIRD	鸟类	鸣鸟	鸽子、 知更鸟、 麻雀、 燕子、 唐纳雀、 画眉、  莺、 鹪鹩、 山雀、 云雀、 八哥、 黑鸟、鸫鸟、黑鸟
BIRDS	TROPICAL	BIRDTrop	BIRD	鸟类	热带	鹦鹉、 巨嘴鸟、 笑翠鸟、 琴鸟、 孔雀、 金刚鹦鹉、 犀鸟、 长尾小鹦鹉、 琵鹭、 火烈鸟
BIRDS	WADING	BIRDWade	BIRD	鸟类	水鸟	白鹭、火烈鸟、琵鹭、鹳、苍鹭、鹬
BOATS	AIR BOAT	BOATAir	BOAT	船舶	汽艇	风扇船、气垫船、气垫船、香蕉船、快艇
BOATS	BOW WASH	BOATWash	BOAT	船舶	船浪	波浪、 船浪、 船波
BOATS	DOOR	BOATDoor	BOAT	船舶	门	舱门、液压门
BOATS	ELECTRIC	BOATElec	BOAT	船舶	电动船	拖钓马达、电动马达
BOATS	FISHING	BOATFish	BOAT	船舶	捕鱼	捕蟹船、拖网渔船、围网船、线船、挖泥船、刺网船、研究船
BOATS	HORN	BOATHorn	BOAT	船舶	船笛	船喇叭、拖船喇叭、汽笛
BOATS	INTERIOR	BOATInt	BOAT	船舶	舱内	船、渡轮、渡轮、游轮、海军、军船、拖船、帆船、游艇、油轮、货船、货轮、潜艇
BOATS	MECHANISM	BOATMech	BOAT	船舶	机械	索具、滑轮、绳索、船轮、油门、网、笼、陷阱、锚
BOATS	MILITARY	BOATMil	BOAT	船舶	军用	巡逻艇、 驱逐舰、 巡洋舰、 战列巡洋舰、 护卫舰、 快速攻击船
BOATS	MISC	BOATMisc	BOAT	船舶	其它	桨船、桨板
BOATS	MOTORBOAT	BOATMotr	BOAT	船舶	摩托艇	小船、个人渔船、快艇、浮筒船、鸭子船、小艇
BOATS	RACING	BOATRace	BOAT	船舶	赛艇	水上飞机、水翼艇、喷射艇
BOATS	ROWBOAT	BOATRow	BOAT	船舶	划艇	手摇船、独木舟、划艇、皮划艇、桨、龙舟
BOATS	SAILBOAT	BOATSail	BOAT	船舶	帆船	帆船、 单桅帆船、 双桅船、风动船
BOATS	SHIP	BOATShip	BOAT	船舶	大船	大船、 游轮、 油轮、 货船、 货轮
BOATS	STEAM	BOATStm	BOAT	船舶	蒸汽船	蒸汽明轮船、明轮船、蒸汽机
BOATS	SUBMARINE	BOATSub	BOAT	船舶	潜艇	潜艇、声纳、海底、深海
BOATS	UNDERWATER	BOATUndwtr	BOAT	船舶	水下	水下录音、 水下
BULLETS	BY	BLLTBy	BLLT	子弹	飞过	子弹飞过、 子弹经过、 子弹擦过
BULLETS	IMPACT	BLLTImpt	BLLT	子弹	击中	子弹撞击、子弹击中、中弹
BULLETS	MISC	BLLTMisc	BLLT	子弹	其它	各种各样的
BULLETS	RICOCHET	BLLTRico	BLLT	子弹	弹跳	弹跳、 偏转、 弹出
BULLETS	SHELL	BLLTShel	BLLT	子弹	弹壳	弹壳、弹出
CARTOON	ANIMAL	TOONAnml	TOON	卡通	动物	可爱动物叫、 憨憨动物声
CARTOON	BOING	TOONBoing	TOON	卡通	弹簧音	卡通弹跳声
CARTOON	CLANG	TOONClang	TOON	卡通	咣当	叮当、金属、刀光、刀剑
CARTOON	CREAK	TOONCreak	TOON	卡通	嘎吱	橡胶、牛皮筋、硅胶
CARTOON	HORN	TOONHorn	TOON	卡通	号	灯泡喇叭、 喇叭、 小丑喇叭
CARTOON	IMPACT	TOONImpt	TOON	卡通	打击	duang
CARTOON	MACHINE	TOONMach	TOON	卡通	机器	卡通机器
CARTOON	MISC	TOONMisc	TOON	卡通	其它	搞笑、蠢、可爱
CARTOON	MUSICAL	TOONMx	TOON	卡通	音乐性	琶音、上升、下降、
CARTOON	PLUCK	TOONPluk	TOON	卡通	弹拨	拨弦
CARTOON	POP	TOONPop	TOON	卡通	道具	吸盘、泡泡爆破
CARTOON	SHAKE	TOONShake	TOON	卡通	摇晃	嘎嘎声
CARTOON	SPLAT	TOONSplt	TOON	卡通	啪嗒	卡通液体声
CARTOON	SQUEAK	TOONSqk	TOON	卡通	摩擦	吱
CARTOON	STRETCH	TOONStrch	TOON	卡通	伸缩	拉紧、拉伸
CARTOON	SWISH	TOONSwsh	TOON	卡通	嗖嗖	旋转、划过、闪白、过场
CARTOON	TWANG	TOONTwang	TOON	卡通	弹拨声	拨尺声、 弹尺声
CARTOON	VEHICLE	TOONVeh	TOON	卡通	载具	异型车、 特殊载具
CARTOON	VOCAL	TOONVox	TOON	卡通	语音	非人类叫声
CARTOON	WARBLE	TOONWarb	TOON	卡通	颤音	颤音
CARTOON	WHISTLE	TOONWhis	TOON	卡通	哨子	滑哨、哨音
CARTOON	ZIP	TOONZip	TOON	卡通	拉链	上拉、 下拉
CERAMICS	BREAK	CERMBrk	CERM	陶瓷	打破	打破、裂缝、粉碎、破坏
CERAMICS	CRASH & DEBRIS	CERMCrsh	CERM	陶瓷	碎片	坠落、碎片、碰撞
CERAMICS	FRICTION	CERMFric	CERM	陶瓷	挤压	压力、刮擦、吱吱声、吱吱声、尖叫声
CERAMICS	HANDLE	CERMHndl	CERM	陶瓷	抓取	触碰、 拿到、 抓取
CERAMICS	IMPACT	CERMImpt	CERM	陶瓷	打击	掉落、撞击、碰撞
CERAMICS	MISC	CERMMisc	CERM	陶瓷	其它	各种各样的
CERAMICS	MOVEMENT	CERMMvmt	CERM	陶瓷	移动	拖动、滚动、摇晃
CERAMICS	TONAL	CERMTonl	CERM	陶瓷	音乐性	纯音、 音色、 谐音
CHAINS	BREAK	CHAINBrk	CHAIN	链条	打破	折断、弯曲
CHAINS	HANDLE	CHAINHndl	CHAIN	链条	抓取	铁链、自行车链、锁链
CHAINS	IMPACT	CHAINImpt	CHAIN	链条	打中	跌落、撞击、猛击、张力断裂
CHAINS	MISC	CHAINMisc	CHAIN	链条	其它	各种各样的
CHAINS	MOVEMENT	CHAINMvmt	CHAIN	链条	移动	手铐、锁链
CHEMICALS	ACID	CHEMAcid	CHEM	化学	腐蚀	嘶嘶声、融化、法术、魔法
CHEMICALS	MISC	CHEMMisc	CHEM	化学	其它	各种各样的
CHEMICALS	REACTION	CHEMReac	CHEM	化学	反应	冒泡、起泡、反应
CLOCKS	CHIME	CLOCKChim	CLOCK	钟表	风铃	钟声、 树铃
CLOCKS	MECHANICS	CLOCKMech	CLOCK	钟表	机械	绕组、 时钟齿轮、 布谷鸟钟、轮轴
CLOCKS	MISC	CLOCKMisc	CLOCK	钟表	其它	各种各样的
CLOCKS	TICK	CLOCKTick	CLOCK	钟表	嘀嗒	滴答、点击、石英、滴答、秒表、鸡蛋计时器
CLOTH	FLAP	CLOTHFlp	CLOTH	布料	抖动	翅膀、襟翼、旗帜、沙沙声、降落伞、斗篷、帆布、帆、床单
CLOTH	HANDLE	CLOTHHndl	CLOTH	布料	抓取	拿衣服、 整理衣服
CLOTH	IMPACT	CLOTHImpt	CLOTH	布料	打击	抓衣服、 挠衣服
CLOTH	MISC	CLOTHMisc	CLOTH	布料	其它	各种各样的
CLOTH	MOVEMENT	CLOTHMvmt	CLOTH	布料	移动	嗖嗖、 沙沙声、 皱褶、 摩擦
CLOTH	RIP	CLOTHRip	CLOTH	布料	撕扯	撕裂、魔术贴
COMMUNICATIONS	AUDIO VISUAL	COMAv	COM	通讯	影视设备	电影摄影机、  胶片相机、 投影仪、 录音机、 磁带机、 随身听、 CD 播放器、 录像机、 播放器、 幻灯机、 ipod、DVD、VCD、蓝光机
COMMUNICATIONS	CAMERA	COMCam	COM	通讯	照相机	相机快门、对焦、闪光灯、柯达、尼康、佳能、奥林巴斯、柯达、富士、富士胶片、玛米亚、哈苏、徕卡
COMMUNICATIONS	CELLPHONE	COMCell	COM	通讯	手机	手机、 智能手机、 iphone、 黑莓手机、 翻盖手机、 安卓
COMMUNICATIONS	MICROPHONE	COMMic	COM	通讯	麦克风	麦克风啸叫、麦克风杂音、扩音器
COMMUNICATIONS	MISC	COMMisc	COM	通讯	其它	各种各样的
COMMUNICATIONS	PHONOGRAPH	COMPhono	COM	通讯	留声机	转盘、留声机、 黑胶唱片
COMMUNICATIONS	RADIO	COMRadio	COM	通讯	收音机	调谐、收音机、短波、白噪、信号、电台、通讯
COMMUNICATIONS	STATIC	COMStatic	COM	通讯	干扰	噪音
COMMUNICATIONS	TELEMETRY	COMTelm	COM	通讯	无线电	莫尔斯电码、电报、遥测、读数、sos
COMMUNICATIONS	TELEPHONE	COMTelph	COM	通讯	电话	拨号、公用电话、旋转拨号、键盘、座机、有线电话
COMMUNICATIONS	TELEVISION	COMTv	COM	通讯	电视机	电视、遥控器、拨号、节目、节目、futz
COMMUNICATIONS	TRANSCEIVER	COMTran	COM	通讯	信号收发机	对讲机、cb、业余无线电、收发器、静噪、对讲、调度
COMMUNICATIONS	TYPEWRITER	COMType	COM	通讯	打字机	打字机、电传打字机、回车、压板旋钮
COMPUTERS	HARD DRIVE	CMPTDriv	CMPT	电脑	硬盘	跳过、搜索、研磨、硬盘、硬盘
COMPUTERS	KEYBOARD & MOUSE	CMPTKey	CMPT	电脑	键鼠	键盘、鼠标、鼠标、触控板
COMPUTERS	MISC	CMPTMisc	CMPT	电脑	其它	掌上电脑、掌上电脑
CREATURES	AQUATIC	CREAAqua	CREA	生物	水生	海妖、美人鱼、巨型鱿鱼
CREATURES	AVIAN	CREAAvian	CREA	生物	奇幻禽类	外星鸟类、幻想的鸟类、奇幻鸟类
CREATURES	BEAST	CREABeast	CREA	生物	野兽	猛犸象、长毛象
CREATURES	BLOB	CREABlob	CREA	生物	黏体生物	变形怪体、粘稠状的生物
CREATURES	DINOSAUR	CREADino	CREA	生物	恐龙	雷龙、 迅猛龙、 三角龙、 剑龙、 暴龙、 异特龙、 棘龙、 腕龙、 始祖鸟、 翼龙、 翼手龙
CREATURES	DRAGON	CREADrgn	CREA	生物	龙	龙、德雷克、飞龙
CREATURES	ELEMENTAL	CREAElem	CREA	生物	精灵生物	岩石怪物、火怪物、冰怪物、岩石巨人、冰巨人、魔像
CREATURES	ETHEREAL	CREAEthr	CREA	生物	鬼魂	幽灵、鬼魂、空灵的人声、幻影
CREATURES	HUMANOID	CREAHmn	CREA	生物	类人动物	僵尸、亡灵、活死人、食尸鬼、吸血鬼、精灵、兽人、食人魔、巨魔、天狗、妖精、大脚怪、沼泽物、狼人、科学怪人、木乃伊
CREATURES	INSECTOID	CREAInsc	CREA	生物	巨型昆虫	巨型蚂蚁、巨型蜘蛛
CREATURES	MISC	CREAMisc	CREA	生物	其它	不符合列表中分类的其他生物
CREATURES	MONSTER	CREAMnstr	CREA	生物	怪兽	哥斯拉、 金刚、 庞然大物、 异形
CREATURES	REPTILIAN	CREARept	CREA	生物	巨型爬行生物	巨蜥、 巨蛇、 嘶声怪
CREATURES	SMALL	CREASmall	CREA	生物	小型神话生物	仙女、小精灵、类啮齿类的小生物
CREATURES	SOURCE	CREASrce	CREA	生物	人声包	吠声、呼吸声、呼叫、鸣叫、叽叽喳喳、咔嗒声、哭泣、咕噜声、嘶嘶声、嚎叫声、咆哮声、喉音、呻吟声、用口型默示、咆哮声、尖叫声、长声尖叫、呜呜声
CROWDS	ANGRY	CRWDAngr	CRWD	人群	愤怒	骚乱、暴动、抗议、校园暴力
CROWDS	APPLAUSE	CRWDApls	CRWD	人群	喝彩	掌声、欢呼、鼓掌
CROWDS	BATTLE	CRWDBatl	CRWD	人群	打斗	战斗呐喊、喊叫、冲锋、集结、军队、战斗、混战、战争、尖叫、死亡
CROWDS	CELEBRATION	CRWDCele	CRWD	人群	庆祝	庆祝、节日、派对、喧闹、生日、新年、圣诞节、游行
CROWDS	CHEERING	CRWDCheer	CRWD	人群	欢呼	欢呼、音乐会、体育场、观众、欢呼、声浪、颂歌
CROWDS	CHILDREN	CRWDChld	CRWD	人群	儿童	操场、课间休息、孩子们玩耍、公园、玩游戏、捉人游戏
CROWDS	CONVERSATION	CRWDConv	CRWD	人群	谈话	喋喋不休、聊天、谈话、稀疏的瓦拉、交谈、谈话
CROWDS	LAUGHTER	CRWDLaff	CRWD	人群	笑	电视节目、罐头笑声、喜剧俱乐部、笑料
CROWDS	LOOP GROUP	CRWDLoop	CRWD	人群	循环群杂	循环组、ADR、预录音效
CROWDS	MISC	CRWDMisc	CRWD	人群	其它	各种各样的
CROWDS	PANIC	CRWDPanic	CRWD	人群	恐惧	恐慌、混乱、呐喊、尖叫、哭泣、苦恼
CROWDS	QUIET	CRWDQuiet	CRWD	人群	安静	喃喃自语、低声细语、嘘寒问暖、喃喃自语
CROWDS	REACTION	CRWDReac	CRWD	人群	反应	嘘、啊、哦
CROWDS	SINGING	CRWDSing	CRWD	人群	歌唱	圣歌、合唱团、合唱团、颂歌
CROWDS	SPORT	CRWDSprt	CRWD	人群	运动	掌声、鼓掌、嘘声、欢呼声、体育场、耶、观众、奥运会、喊叫、呜呼声
CROWDS	WALLA	CRWDWalla	CRWD	人群	群杂	声音、谈话、叽里呱啦、谈话
DESIGNED	BASS DIVE	DSGNBass	DSGN	声音设计	低频下潜	低音潜水、下滑、低音下降、下沉、 下坠
DESIGNED	BOOM	DSGNBoom	DSGN	声音设计	低频轰鸣	砰、重击、低音爆炸、拖车
DESIGNED	BRAAM	DSGNBram	DSGN	声音设计	低频号角	号角、 铜管乐
DESIGNED	DISTORTION	DSGNDist	DSGN	声音设计	失真	失真、扭曲
DESIGNED	DRONE	DSGNDron	DSGN	声音设计	低音氛围	氛围音、嗡嗡声、质地、不吉利、紧张
DESIGNED	EERIE	DSGNErie	DSGN	声音设计	毛骨悚然	毛骨悚然、紧张、奇怪、可怕、不寒而栗、难以忘怀、怪异
DESIGNED	ETHEREAL	DSGNEthr	DSGN	声音设计	鬼魅飘渺	空灵、天上
DESIGNED	GRANULAR	DSGNGran	DSGN	声音设计	粒状	颗粒、 合成器
DESIGNED	IMPACT	DSGNImpt	DSGN	声音设计	碰撞	撞击、碰撞、猛击、粉碎
DESIGNED	MISC	DSGNMisc	DSGN	声音设计	其它	各种各样的
DESIGNED	MORPH	DSGNMorph	DSGN	声音设计	合成器	合成器、混合、过渡
DESIGNED	RISER	DSGNRise	DSGN	声音设计	渐强	反向、渐强、立管、张力
DESIGNED	RUMBLE	DSGNRmbl	DSGN	声音设计	次声波	次谐波、隆隆声、震动、地震
DESIGNED	RHYTHMIC	DSGNRythm	DSGN	声音设计	节奏性	口吃、故障、节奏律动、停顿
DESIGNED	SOURCE	DSGNSrce	DSGN	声音设计	原始录音	来源、原始素材、素材、原始录音
DESIGNED	STINGER	DSGNStngr	DSGN	声音设计	重音强调	刺痛、惊吓、预告片、戏剧化
DESIGNED	SYNTHETIC	DSGNSynth	DSGN	声音设计	电子合成	合成、合成器、模块化合成器、颗粒状、模拟合成器、模块化合成器
DESIGNED	TONAL	DSGNTonl	DSGN	声音设计	音乐性	耳鸣、炮击、主观视角
DESIGNED	VOCAL	DSGNVocl	DSGN	声音设计	人声	魔法、咒语、经过处理的、人声、耳语、幽灵
DESIGNED	WHOOSH	DSGNWhsh	DSGN	声音设计	呼声	嗖嗖、預告片中的嗖嗖、 飞过、 划过
DESTRUCTION	COLLAPSE	DESTRClpse	DESTR	拆除	倒塌	倒塌、倾倒、跌倒、内爆
DESTRUCTION	CRASH & DEBRIS	DESTRCrsh	DESTR	拆除	碎片	崩溃、破裂、内爆、粉碎、打破、粉碎
DESTRUCTION	MISC	DESTRMisc	DESTR	拆除	其它	各种各样的
DIRT & SAND	CRASH & DEBRIS	DIRTCrsh	DIRT	沙土	碎屑	碎片、沙子、污垢、滴流、喷洒、碎裂
DIRT & SAND	DUST	DIRTDust	DIRT	沙土	灰尘	细粒、颗粒、沉积物、淤泥、灰尘
DIRT & SAND	HANDLE	DIRTHndl	DIRT	沙土	抓取	处理、抓取、挖掘、捕捉
DIRT & SAND	IMPACT	DIRTImpt	DIRT	沙土	碰撞	倾倒、 砰、 卸下、 放下
DIRT & SAND	MISC	DIRTMisc	DIRT	沙土	其它	各种各样的
DIRT & SAND	MOVEMENT	DIRTMvmt	DIRT	沙土	移动	倾倒、卸载、流动、溢出
DIRT & SAND	TONAL	DIRTTonl	DIRT	沙土	音乐性	风沙、鸣沙
DOORS	ANTIQUE	DOORAntq	DOOR	门	古董	城堡、大教堂、教堂、古老、古代、古董
DOORS	APPLIANCE	DOORAppl	DOOR	门	家电	烤箱、微波炉、冰箱、洗碗机、洗衣机、烘干机
DOORS	CABINET	DOORCab	DOOR	门	箱柜	橱柜、厨柜、工具柜
DOORS	COMPOSITE	DOORComp	DOOR	门	特殊材料	玻璃纤维、门
DOORS	CREAK	DOORCreak	DOOR	门	嘎吱	吱吱声、门、地牢、地窖、城堡、木门、金属门、门吱吱声
DOORS	DUNGEON	DOORDungn	DOOR	门	传统大门	城堡、 地牢、 巨物、 地窖
DOORS	ELECTRIC	DOORElec	DOOR	门	电动门	电动门、车库门、摄影棚门、自动门
DOORS	GATE	DOORGate	DOOR	门	大门	花园门、栅栏门、公园门、铁路道口、牛圈门、农场门
DOORS	GLASS	DOORGlas	DOOR	门	玻璃门	玻璃门、商店门、海涯门、法式门
DOORS	HARDWARE	DOORHdwr	DOOR	门	锁具	门把手、门闩、推杆、链锁、铰链、把手、五金制品、撬锁、摇晃
DOORS	HITECH	DOORTech	DOOR	门	高科技	实验室门
DOORS	HYDRAULIC & PNEUMATIC	DOORHydr	DOOR	门	液压与气动	闭门器、气动、液压、电动舱口、 气阀门
DOORS	KNOCK	DOORKnck	DOOR	门	敲门	敲、说唱、敲门、砰砰、咚咚
DOORS	METAL	DOORMetl	DOOR	门	金属门	卷轴门、保险库、保险箱、舱门
DOORS	MISC	DOORMisc	DOOR	门	其它	各种各样的
DOORS	PLASTIC	DOORPlas	DOOR	门	塑料门	厕所、便器
DOORS	PRISON	DOORPrisn	DOOR	门	牢门	监狱门、栅栏门
DOORS	REVOLVING	DOORRevl	DOOR	门	旋转门	旋转门、酒店、机场、商场
DOORS	SLIDING	DOORSlid	DOOR	门	滑动门	玻璃推拉门、庭院门、淋浴门
DOORS	STONE	DOORSton	DOOR	门	石门	坟墓、地穴、寺庙、陵墓、秘密入口
DOORS	SWINGING	DOORSwng	DOOR	门	双开门	沙龙门、走廊门、餐厅门、教堂讲坛门
DOORS	WOOD	DOORWood	DOOR	门	木门	入口、前门、壁橱
DRAWERS	METAL	DRWRMetl	DRWR	抽屉	金属	工具箱、抽屉架、文件柜、收银机、安全抽屉
DRAWERS	MISC	DRWRMisc	DRWR	抽屉	其它	各种各样的
DRAWERS	PLASTIC	DRWRPlas	DRWR	抽屉	塑料	零件箱、桌面整理器
DRAWERS	WOOD	DRWRWood	DRWR	抽屉	木制	厨房抽屉、浴室抽屉
ELECTRICITY	ARC	ELECArc	ELEC	电流	电弧	天梯、磁暴线圈、方舟、拱门、电站、触电
ELECTRICITY	BUZZ & HUM	ELECBuzz	ELEC	电流	电流噪声	地面嗡嗡声、放大器嗡嗡声、扬声器嗡嗡声、嗡嗡声、感应嗡嗡声、 嗡嗡
ELECTRICITY	ELECTROMAGNETIC	ELECEmf	ELEC	电流	电磁	电抗器、线圈、传染器、感应器
ELECTRICITY	MISC	ELECMisc	ELEC	电流	其它	各种各样的
ELECTRICITY	SPARKS	ELECSprk	ELEC	电流	电火花	火花、焊接、溅射、短路
ELECTRICITY	ZAP	ELECZap	ELEC	电流	漏电	放电、 泰瑟枪、 电击枪、 电击、触电
EQUIPMENT	BRIDLE & TACK	EQUIPBridle	EQUIP	器具	挽具	缰绳、统治、皮带、马具、狗带、马鞍带
EQUIPMENT	HITECH	EQUIPTech	EQUIP	器具	高科技	宇航服、科技服装
EQUIPMENT	MISC	EQUIPMisc	EQUIP	器具	其它	各种各样的
EQUIPMENT	RECREATIONAL	EQUIPRec	EQUIP	器具	户外装备	背包、远足、登山、攀岩、营地、帐篷
EQUIPMENT	SPORT	EQUIPSprt	EQUIP	器具	运动装备	护肩、护膝、护胫、护腿带
EQUIPMENT	TACTICAL	EQUIPTact	EQUIP	器具	军事装备	腰带、 军警带、 执勤腰带、 弹药腰带、 子弹带
EXPLOSIONS	DESIGNED	EXPLDsgn	EXPL	爆炸	声音设计	冲击波、爆炸、 铺垫
EXPLOSIONS	MISC	EXPLMisc	EXPL	爆炸	其它	爆炸、 引爆
EXPLOSIONS	REAL	EXPLReal	EXPL	爆炸	真实	砰、爆炸实录、爆裂、 炸弹
FARTS	DESIGNED	FARTDsgn	FART	放屁	声音设计	呸声、嘘声、软坐垫、襟翼、腋窝、放屁袋、气球
FARTS	MISC	FARTMisc	FART	放屁	其它	动物屁、 动物放屁
FARTS	REAL	FARTReal	FART	放屁	真实	人类放屁、胀气、扑哧、嘟嘟、 人类屁
FIGHT	BODYFALL	FGHTBf	FGHT	打斗	跌倒	跌倒、拉扯、混战、身体猛击、擒、 抱
FIGHT	CLOTH	FGHTClth	FGHT	打斗	衣服	衣服摩擦、抓、抢、撞击衣物、抖衣料
FIGHT	GRAB	FGHTGrab	FGHT	打斗	抓握	格斗、抢夺、格斗、摔跤、柔道
FIGHT	IMPACT	FGHTImpt	FGHT	打斗	击打	拳、踢、身体打击、巴掌、打、斗殴、推、重击、勾拳、刺拳
FIGHT	MISC	FGHTMisc	FGHT	打斗	其它	各种各样的
FIRE	BURNING	FIREBurn	FIRE	火	燃烧	篝火、营火、灌丛火、建筑火灾、烈火、烈焰、燃烧、火种、柴堆
FIRE	BURST	FIREBrst	FIRE	火	爆燃	回燃、火焰喷射器、龙火、吞噬
FIRE	CRACKLE	FIRECrkl	FIRE	火	爆裂	巨大爆炸声、呼噜、啪、火花
FIRE	GAS	FIREGas	FIRE	火	气体	燃气烤架、燃烧炉、熔炉、野营炉、厨房炉灶、火葬场、燃气灶
FIRE	IGNITE	FIREIgn	FIRE	火	点火	火柴、打火机、芝宝牌打火机、燃烧、复燃、着火
FIRE	MISC	FIREMisc	FIRE	火	其它	各种各样的
FIRE	SIZZLE	FIRESizz	FIRE	火	滋滋声	保险丝、 保险丝燃烧
FIRE	TORCH	FIRETrch	FIRE	火	火炬	火光、导火索、火炬、火把、燃烧棍、篝火灯
FIRE	TURBULENT	FIRETurb	FIRE	火	汹涌火势	火焰漩涡、猛烈的火焰、火焰喷射器、火焰龙卷风、吞噬、回流
FIRE	WHOOSH	FIREWhsh	FIRE	火	呼呼声	火球、火焰、燃烧弹、旺火、复燃
FIREWORKS	COMMERCIAL	FRWKComr	FRWK	烟花	商业表演	迫击炮、烟花、烟火、大爆炸、炮弹、烟花汇演
FIREWORKS	MISC	FRWKMisc	FRWK	烟花	其它	各种各样的
FIREWORKS	RECREATIONAL	FRWKRec	FRWK	烟花	自娱	鞭炮、m80、烟火、瓶火箭、烟雾弹、幻影烟花、罗马蜡烛、波普尔、樱桃炸弹
FOLEY	CLOTH	FOLYClth	FOLY	拟音	布料/衣服	沙沙声、运动、嘶嘶声
FOLEY	FEET	FOLYFeet	FOLY	拟音	脚步	脚、鞋、脚步、表地面
FOLEY	HANDS	FOLYHand	FOLY	拟音	手	轻拍、抓住、握、套
FOLEY	MISC	FOLYMisc	FOLY	拟音	其它	各种各样的
FOLEY	PROP	FOLYProp	FOLY	拟音	道具	道具
FOOD & DRINK	COOKING	FOODCook	FOOD	食物	烹饪	切碎、切片、切丁、混合、调和、搅拌、炒、煮、烤、蒸、炖、搅拌、炒
FOOD & DRINK	DRINKING	FOODDrnk	FOOD	食物	喝	啜饮、 小口喝、饮、 啧水、吞咽、喝饮料、痛饮、大口喝
FOOD & DRINK	EATING	FOODEat	FOOD	食物	吃东西	吃、嚼、咀嚼、吞下、用力咀嚼、咬、摄取、消耗、盛宴、进食
FOOD & DRINK	GLASSWARE	FOODGware	FOOD	食物	玻璃器皿	瓶子、玻璃杯、杯子、水壶、玻璃水瓶、罐子
FOOD & DRINK	INGREDIENTS	FOODIngr	FOOD	食物	食材	坚果、种子、谷物、蔬菜、水果、罐头食品、谷物、肉类、燕麦、玉米
FOOD & DRINK	KITCHENWARE	FOODKware	FOOD	食物	厨具	平底锅、锅、炖锅、汤锅、煎锅、平底锅
FOOD & DRINK	MISC	FOODMisc	FOOD	食物	其它	各种各样的
FOOD & DRINK	POUR	FOODPour	FOOD	食物	泼洒	倾倒、流动、溢出、上菜
FOOD & DRINK	TABLEWARE	FOODTware	FOOD	食物	餐具	餐具、刀、银器、叉、杯、盘、筷
FOOTSTEPS	ANIMAL	FEETAnml	FEET	脚步	动物	走、跑、冲刺
FOOTSTEPS	CREATURE	FEETCrea	FEET	脚步	怪物	恐龙、生物、野兽、龙、神话
FOOTSTEPS	HORSE	FEETHors	FEET	脚步	马	步行、小跑、疾驰、蹄、踢、慢跑
FOOTSTEPS	HUMAN	FEETHmn	FEET	脚步	人类	走、跑、脚、慢跑、冲刺、跳跃、跳过、蹒跚、远足、大步、脚步、脚、步、爬
FOOTSTEPS	MISC	FEETMisc	FEET	脚步	其它	各种各样的
GAMES	ARCADE	GAMEArcd	GAME	游戏	街机游戏	弹球、 打地鼠、 斯基球街机游戏、 爪机
GAMES	BOARD	GAMEBoard	GAME	游戏	桌游	国际象棋、跳棋、围棋、西洋双陆棋
GAMES	CASINO	GAMECas	GAME	游戏	赌场	轮盘赌、老虎机、骰子、钱轮、基诺、扑克机
GAMES	MISC	GAMEMisc	GAME	游戏	其它	扑克、 卡片、 jenga、 骰子、 knucklebone
GAMES	VIDEO	GAMEVideo	GAME	游戏	单机	atari、 ps4、 xbox 1、 xbox 360、 amstrad、 famicom、 snes、 gameboy、 任天堂64、 playstation、 世嘉游戏机、 psp
GEOTHERMAL	FUMAROLE	GEOFuma	GEO	地热	热浆	蒸汽喷口、 地热、 喷气孔
GEOTHERMAL	GEYSER	GEOGeyser	GEO	地热	间歇泉	喷、泡、煮
GEOTHERMAL	LAVA	GEOLava	GEO	地热	岩浆	熔岩、流动、裂纹、粘稠、燃烧、隆隆声、火山
GEOTHERMAL	MISC	GEOMisc	GEO	地热	其它	冒泡
GEOTHERMAL	MUD POTS	GEOMudpot	GEO	地热	泥浆	泥罐、油漆罐、焦油坑、泥、泡沫、 气泡、糊状
GLASS	BREAK	GLASBrk	GLAS	玻璃	打破	玻璃破碎、压碎、粉碎
GLASS	CRASH & DEBRIS	GLASCrsh	GLAS	玻璃	碎片	碎片、碎裂、残骸
GLASS	FRICTION	GLASFric	GLAS	玻璃	挤压	挤碎、刮擦、嘎吱声、 尖锐
GLASS	HANDLE	GLASHndl	GLAS	玻璃	抓取	触碰、抓握、放置、拾取、放下、投掷、接住
GLASS	IMPACT	GLASImpt	GLAS	玻璃	打击	撞击、掉落、冲撞、碰击
GLASS	MISC	GLASMisc	GLAS	玻璃	其它	各种各样的
GLASS	MOVEMENT	GLASMvmt	GLAS	玻璃	移动	嘎嘎声、滚动声、砰砰声、咔嗒声
GLASS	TONAL	GLASTonl	GLAS	玻璃	音乐性	共鸣、 回声、铃、响声、音调、玻璃口琴、水晶碗
GORE	BLOOD	GOREBlood	GORE	血	血流	滴、流、涌、喷、喷洒
GORE	BONE	GOREBone	GORE	血	骨头	骨头断裂、骨头断裂、 骨折、骨头粉碎、下巴咬合、下巴、 颌骨
GORE	BURN	GOREBurn	GORE	血	燃烧	嘶嘶声、烧灼、烙印
GORE	FLESH	GOREFlsh	GORE	血	血肉	撕裂、剥皮、扯破、撕碎、内脏、血肉、伤口
GORE	MISC	GOREMisc	GORE	血	其它	各种各样的
GORE	OOZE	GOREOoze	GORE	血	渗血	血流、粘液、 血液、流动、胶原蛋白/水解胶原蛋白
GORE	SOURCE	GORESrce	GORE	血	原始录音	咕噜、挤压、粘液、粘液、渗出、黏糊、器官、肠子、多汁、粘液、啪嗒、飞溅、渗出、撕裂、剥皮、刺伤、撕裂、撕裂、肠、肉、伤口、切片、穿刺、多汁
GORE	SPLAT	GORESplt	GORE	血	洒溅	压扁、粘液、渗血、器官、肠子、多汁
GORE	SQUISH	GORESqsh	GORE	血	血浆	挤压、肉、器官、粘液、肠、多汁、飞溅
GORE	STAB	GOREStab	GORE	血	捅	切片、刺穿、刺伤、切割、斩断、肢解
GUNS	ANTIQUE	GUNAntq	GUN	枪炮	古董枪	枪口装填器、步枪、黑火药、燧发枪、长步枪、火枪
GUNS	ARTILLERY	GUNArtl	GUN	枪炮	火炮	榴弹炮、 高射炮、 导弹发射器、 火箭筒、 迫击炮、 火箭
GUNS	AUTOMATIC	GUNAuto	GUN	枪炮	自动化武器	ak-47、 m16、 机枪、 汤米枪、 uzi、 m249、 M1919、 加特林机枪
GUNS	CANNON	GUNCano	GUN	枪炮	加农炮	大炮、 手炮、 黑火药
GUNS	HANDLE	GUNHndl	GUN	枪炮	操作	枪套、枪、抢枪、擦枪、枪掉落、装弹
GUNS	HITECH	GUNTech	GUN	枪炮	高科技	轨道炮、间谍枪
GUNS	MECHANISM	GUNMech	GUN	枪炮	机枪	弹夹、击发、枪声、螺栓、 枪栓、换弹、装载
GUNS	MISC	GUNMisc	GUN	枪炮	其它	信号枪、气枪、彩弹枪
GUNS	PISTOL	GUNPis	GUN	枪炮	手枪	9 毫米手枪、手枪、左轮手枪、格洛克手枪、柯尔特左轮手枪、鲁格、布朗宁自动步枪、贝雷塔手枪
GUNS	RIFLE	GUNRif	GUN	枪炮	步枪	步枪、毛瑟枪、阿里萨卡步枪、卡宾枪、狙击手、狩猎、半自动
GUNS	SHOTGUN	GUNShotg	GUN	枪炮	霰弹枪	霰弹枪、双枪管、温彻斯特、马车枪
GUNS	SUPPRESSED	GUNSupr	GUN	枪炮	消音枪	消音器
HORNS	AIR POWERED	HORNAir	HORN	号角	气压式	雾喇叭、气喇叭、工厂喇叭
HORNS	CELEBRATION	HORNCele	HORN	号角	欢庆用	派对号角、单音喇叭
HORNS	MISC	HORNMisc	HORN	号角	其它	打猎叫、麋鹿叫、鸭叫、狐狸号角
HORNS	TRADITIONAL	HORNTrad	HORN	号角	传统	羊角号、海螺、海螺壳、战斗号角、高山号、高山号角、阿尔卑斯号角
HUMAN	BLOW	HMNBlow	HMN	人	吹	吐气、呼气
HUMAN	BREATH	HMNBrth	HMN	人	呼吸	叹息、喘气、喘气、喘息、 喘鸣声、呼气、咳喘、喊叫、呼吸、吸气、呼气
HUMAN	BURP	HMNBurp	HMN	人	打嗝	打嗝、嗳气
HUMAN	COUGH	HMNCough	HMN	人	咳嗽	咳嗽、嘶哑、清嗓子
HUMAN	HEARTBEAT	HMNHart	HMN	人	心跳	心悸、手脚麻木
HUMAN	KISS	HMNKiss	HMN	人	接吻	亲吻、啄食、 轻吻
HUMAN	MISC	HMNMisc	HMN	人	其它	各种各样的
HUMAN	PEE	HMNPee	HMN	人	尿	尿尿、小便、尿、撒尿、小解
HUMAN	SKIN	HMNSkin	HMN	人	皮肤	揉、抓、皮肤、痒、拍、手抓、握手、抚摸、摩擦、挠背
HUMAN	SNEEZE	HMNSneez	HMN	人	打喷嚏	打喷嚏、阿嚏
HUMAN	SNIFF	HMNSniff	HMN	人	闻	嗅、嗅探、闻、吸鼻子
HUMAN	SNORE	HMNSnor	HMN	人	打鼾	打呼噜、zzz、鼻塞、呼吸急促、窒息、打鼾
HUMAN	SPIT	HMNSpit	HMN	人	吐	吐痰、吐出、痰盂、流口水
HUMAN	VOMIT	HMNVomit	HMN	人	呕吐	呕吐、吐出、呕吐物、反胃、恶心、作呕、干呕、喷出、晕船、晕车
ICE	BREAK	ICEBrk	ICE	冰	打碎	裂开、碎裂、撕裂、粉碎、嘎吱
ICE	CRASH & DEBRIS	ICECrsh	ICE	冰	碎片	粉碎、摔碎、碎片、碎块
ICE	FRICTION	ICEFric	ICE	冰	挤压	挤压、刮擦、嘎吱声、吱吱声、尖锐声
ICE	HANDLE	ICEHndl	ICE	冰	抓取	拿、抓、放置、捡起、放下、扔、接
ICE	IMPACT	ICEImpt	ICE	冰	打击	击中、掉落、撞击、击碎、敲打、咣当、叮当声、砍
ICE	MISC	ICEMisc	ICE	冰	其它	各种各样的
ICE	MOVEMENT	ICEMvmt	ICE	冰	移动	拖动、滚动、晃动、摇晃
ICE	TONAL	ICETonl	ICE	冰	音乐性	弓、回响、余音
LASERS	BEAM	LASRBeam	LASR	激光	光束	光束、伽马、射线
LASERS	GUN	LASRGun	LASR	激光	武器	等离子武器、冲击波、激光炮
LASERS	IMPACT	LASRImpt	LASR	激光	打击	激光、冲击波、冲击、打击、嘶嘶声
LASERS	MISC	LASRMisc	LASR	激光	其它	各种各样的
LEATHER	CREAK	LETHRCreak	LETHR	皮革	嘎吱	吱吱声、嘎吱声、挤压、紧绷
LEATHER	HANDLE	LETHRHndl	LETHR	皮革	抓取	拿、抓、放置、捡起、放下、扔、接
LEATHER	IMPACT	LETHRImpt	LETHR	皮革	打击	击中、撞击、抓住、砰的一声、撞击声
LEATHER	MISC	LETHRMisc	LETHR	皮革	其它	各种各样的
LEATHER	MOVEMENT	LETHRMvmt	LETHR	皮革	移动	扇动、抖动、沙沙声、移动、滑动
LIQUID & MUD	BUBBLES	LIQBubl	LIQ	液体与流体	气泡	气泡、泡沫、砰的一声、泥
LIQUID & MUD	IMPACT	LIQImpt	LIQ	液体与流体	打击	滴落、飞溅、击中、撞击、扑通、噗通、砰砰、泥
LIQUID & MUD	MISC	LIQMisc	LIQ	液体与流体	其它	各种各样的
LIQUID & MUD	MOVEMENT	LIQMvmt	LIQ	液体与流体	移动	软泥、粘液、粘性物、泥
LIQUID & MUD	SUCTION	LIQSuct	LIQ	液体与流体	抽吸	吸、啜食、咕噜声、活塞、皮搋、泥浆
MACHINES	AMUSEMENT	MACHAmus	MACH	机器	游乐	过山车、旋转木马、爬梯、旋转椅、儿童骑行、主题公园小火车、弹球、滚球
MACHINES	ANTIQUE	MACHAntq	MACH	机器	老式	印刷机、缝纫机、橄榄压榨机、黄油搅拌机
MACHINES	APPLIANCE	MACHAppl	MACH	机器	家电	烤箱、冰柜、冰箱、搅拌机、食物料理机、吹风机、制冰机、洗衣机、烘干机、熨斗、咖啡机、洗碗机、电动开罐器、垃圾处理机、加湿器、除湿机、缝纫机、烤面包机、华夫饼机、煎锅、烤盘
MACHINES	CONSTRUCTION	MACHCnst	MACH	机器	施工	起重机、水泥搅拌机、碎木机
MACHINES	ELEVATOR	MACHElev	MACH	机器	电梯	帕特诺斯特、货运电梯、乘客电梯、电梯
MACHINES	ESCALATOR	MACHEscl	MACH	机器	自动扶梯	传送带、自动人行道
MACHINES	FAN	MACHFan	MACH	机器	风扇	风扇、吊扇、箱式风扇、工业风扇、无叶风扇
MACHINES	GARDEN	MACHGrdn	MACH	机器	花园	割草机、除草机、磨边机、锯子、修剪机、杆链锯、覆盖机、耕种机
MACHINES	GYM	MACHGym	MACH	机器	健身房	跑步机、踏步机、划船机、健身自行车、健身脚踏车、诺迪克跑步机、踏步台阶机。
MACHINES	HITECH	MACHTech	MACH	机器	高科技	小工具、数码、手持
MACHINES	HVAC	MACHHvac	MACH	机器	空调	空调、冷风机、暖气。
MACHINES	INDUSTRIAL	MACHInd	MACH	机器	工业	液压机、装配线、流水线、酿酒厂、蒸馏机、冲床、压力机
MACHINES	MECHANISM	MACHMech	MACH	机器	装置	拼图盒、谜盒、谜箱、鲁布·戈德堡、小玩意
MACHINES	MEDICAL	MACHMed	MACH	机器	医疗	X 光机、核磁共振、CT机、照影机、血压仪、实验室测试机、离心机、呼吸机、除颤器
MACHINES	MISC	MACHMisc	MACH	机器	其它	各种各样的
MACHINES	OFFICE	MACHOffc	MACH	机器	办公设备	传真机、传真电话、电报、复印机、打印机、碎纸机、施乐、影印机、油印机、激光打印机、喷墨打印机、粉碎机、绘图仪
MACHINES	PUMP	MACHPump	MACH	机器	泵	水泵、污水泵、压缩机、空气压缩机
MAGIC	ANGELIC	MAGAngl	MAG	魔法	天使	神圣的、天上的、空灵的、神的、精神的、祝福的、正义的、圣洁的
MAGIC	ELEMENTAL	MAGElem	MAG	魔法	元素	火、水、土、电、气、风
MAGIC	EVIL	MAGEvil	MAG	魔法	邪恶	黑暗、恶魔、召唤、死灵法术、巫毒术、黑魔法、禁止、禁术
MAGIC	MISC	MAGMisc	MAG	魔法	其它	各种各样的
MAGIC	POOF	MAGPoof	MAG	魔法	嘭	噗的一声、砰的一声、爆破声
MAGIC	SHIMMER	MAGShim	MAG	魔法	闪耀	闪烁、闪闪发光、树铃、风铃、闪耀、闪光、闪亮、火花、发光、微光、反光
MAGIC	SPELL	MAGSpel	MAG	魔法	咒语	女巫、巫师、魔术师、施法、咒语、妖术、符文、魔法、附魔、祈求、祈祷、蛊惑、驱魔、诅咒、恍惚、魅惑
MECHANICAL	CLICK	MECHClik	MECH	机械	咔哒	单击、按、咔哒声、卡合、切换、按钮
MECHANICAL	GEARS	MECHGear	MECH	机械	齿轮	齿轮、嵌齿轮、小齿轮、齿条、齿轮、传动装置、轮齿、大齿轮、飞轮
MECHANICAL	HYDRAULIC & PNEUMATIC	MECHHydr	MECH	机械	液压与气动	液压、气动、加压、阀门
MECHANICAL	LATCH	MECHLtch	MECH	机械	插销	闩锁、硬件、五金、锁、扣、搭扣、螺栓
MECHANICAL	LEVER	MECHLvr	MECH	机械	操纵杆	杠杆、开关、撞击声、叮当声
MECHANICAL	LOCK	MECHLock	MECH	机械	锁	挂锁、死锁、门栓
MECHANICAL	MISC	MECHMisc	MECH	机械	其它	各种各样的
MECHANICAL	PULLEY	MECHPuly	MECH	机械	滑轮	吱吱声、叽叽喳喳、滚动
MECHANICAL	RATCHET	MECHRtch	MECH	机械	棘轮	棘轮、卡扣、按、上发条、曲柄、绞盘
MECHANICAL	RELAY	MECHRelay	MECH	机械	传动	翻转、切换、敲击
MECHANICAL	ROLLER	MECHRolr	MECH	机械	滚筒	转动、传送带、线轴、卷轴
MECHANICAL	SWITCH	MECHSwtch	MECH	机械	开关	切换、点击、咔哒声、切换、按钮
METAL	BREAK	METLBrk	METL	金属	断裂	断裂、裂开、撕裂、碎裂、紧缩、压碎
METAL	CRASH & DEBRIS	METLCrsh	METL	金属	碎片	碰撞、坠落、碎片
METAL	FRICTION	METLFric	METL	金属	挤压	压力、刮擦、吱吱声、吱吱声、尖叫声
METAL	HANDLE	METLHndl	METL	金属	抓取	拿、抓、放置、拿起、放下、扔、接
METAL	IMPACT	METLImpt	METL	金属	打击	击中、掉落、撞击、碰撞、撞击声、叮当声
METAL	MISC	METLMisc	METL	金属	其它	各种各样的
METAL	MOVEMENT	METLMvmt	METL	金属	移动	拖动、拖拽、滚动、嘎拉嘎拉、摇晃
METAL	TONAL	METLTonl	METL	金属	音乐性	弓箭、铃、怪的、噌的一声、缠绕、弯曲、共鸣
MOTORS	ANTIQUE	MOTRAntq	MOTR	马达	老式	煤油发动机、石蜡发动机
MOTORS	COMBUSTION	MOTRComb	MOTR	马达	内燃机	柴油发动机、燃气发动机、内燃机、二冲程发动机
MOTORS	ELECTRIC	MOTRElec	MOTR	马达	电动	牙刷、电动剃须刀、电动马达、垃圾处理器、牙医钻头
MOTORS	MISC	MOTRMisc	MOTR	马达	其它	各种各样的
MOTORS	SERVO	MOTRSrvo	MOTR	马达	伺服电机	机器人、遥控车、相机对焦、汽车天线、打印机
MOTORS	TURBINE	MOTRTurb	MOTR	马达	涡轮	风车、飞机、飞行器、发电机
MOVEMENT	ACTIVITY	MOVEActv	MOVE	移动	活动	活动、搬家、清洁、购物、开箱
MOVEMENT	ANIMAL	MOVEAnml	MOVE	移动	动物	踩踏、放牧、冲锋、践踏、争夺
MOVEMENT	CREATURE	MOVECrea	MOVE	移动	生物	滑行、爬行、滑动、蠕动、扭动
MOVEMENT	CROWD	MOVECrwd	MOVE	移动	人群	走、跑、齐步走、闲逛、滑步、扭打、坐、站、躺、滑、跳、蹦
MOVEMENT	HUMAN	MOVEHmn	MOVE	移动	人类	走、跑、齐步走、闲逛、滑步、扭打、坐、站、躺、滑、跳、蹦
MOVEMENT	INSECT	MOVEInsc	MOVE	移动	昆虫	蜂群、蜂巢、蜂箱、蠕动、蛆虫
MOVEMENT	MISC	MOVEMisc	MOVE	移动	其它	各种各样的
MOVEMENT	PRESENCE	MOVEPres	MOVE	移动	状态	调整、侧滑、拖着、轻微移动、转移
MUSICAL	BELLS	MUSCBell	MUSC	乐句	钟铃	管铃、钟琴、甘美兰、颂钵、手摇铃、牛铃、锣、gamelan、阿贡锣、碗锣、tam-tam
MUSICAL	BRASS	MUSCBrass	MUSC	乐句	铜管	大号、圆号、长号、小号、木管、行进圆号、大号、长号、号角、萨克斯管、短号
MUSICAL	CHIME	MUSCChim	MUSC	乐句	排铃	风铃、树铃、铃铛、闪烁、闪光
MUSICAL	CHORAL	MUSCChor	MUSC	乐句	合唱	合唱团、唱诗班、福音、教堂
MUSICAL	EXPERIMENTAL	MUSCExpr	MUSC	乐句	实验	特雷门琴、玻璃琴、火风琴、斯特乐风迷你笔触琴、水晶琴、电动跳舞仙人掌、风弦琴
MUSICAL	INSTRUMENT	MUSCInst	MUSC	乐句	器乐	乐器
MUSICAL	KEYED	MUSCKeyd	MUSC	乐句	键控	钢琴、管风琴、大键琴、手风琴、口风琴、钢片琴、斯平纳琴、电翼琴、小键琴、风琴、杜西冬琴
MUSICAL	LOOP	MUSCLoop	MUSC	乐句	循环	音乐循环、采样循环、鼓循环
MUSICAL	MISC	MUSCMisc	MUSC	乐句	其它	各种各样的、口琴、卡祖笛
MUSICAL	PERCUSSION	MUSCPerc	MUSC	乐句	打击	定音鼓、锅鼓、低音鼓、筒鼓、战鼓、太鼓、底鼓、军鼓
MUSICAL	PERCUSSION TUNED	MUSCTnprc	MUSC	乐句	打击乐	钟琴、木琴、颤音琴、铁琴、里拉铁片琴、钢鼓、马林巴琴
MUSICAL	PERFORMANCE	MUSCPrfm	MUSC	乐句	表演	乐队、街头音乐家、现场音乐会、演出、夜总会
MUSICAL	PLUCKED	MUSCPluck	MUSC	乐句	拨弦乐	吉他、班卓琴、尤克里里、竖琴、原声吉他、电贝斯、曼陀铃、巴拉莱卡琴、西塔琴、琵琶、拇指琴、口簧琴、古筝、巴拉莱卡琴、自动竖琴、科拉琴、鲁特琴、里拉琴、乌德琴、坦布拉琴、卡林巴
MUSICAL	SAMPLE	MUSCSmpl	MUSC	乐句	采样	采样、原始采样、单次
MUSICAL	SHAKEN	MUSCShake	MUSC	乐句	摇动	沙锤、铃鼓、拨浪鼓、雨声器、椰铃、沙蛋、羊蹄拨浪鼓、拉格琴、katsa、摇铃、沙鈴、铁沙铃
MUSICAL	SONG & PHRASE	MUSCSong	MUSC	乐句	乐句	音乐、自动演奏钢琴、铃声、汽车音响、乐句
MUSICAL	STINGER	MUSCStngr	MUSC	乐句	重击音	音乐短乐句、新闻短乐句、标题乐句
MUSICAL	STRINGED	MUSCStr	MUSC	乐句	弦乐	小提琴、大提琴、中提琴、大提琴、低音、低音提琴、竖琴
MUSICAL	SYNTHESIZED	MUSCSynth	MUSC	乐句	合成器	合成、穆格、卡西欧、罗兰、琶音、合成器、oberheim、迷你穆格、雅马哈、科音
MUSICAL	TOY	MUSCToy	MUSC	乐句	玩具	音乐盒、八音盒
MUSICAL	WOODWIND	MUSCWind	MUSC	乐句	木管	长笛、短笛、双簧管、巴松管、录音机（竖笛）、单簧管、萨克斯管、低音单簧管、纳伊笛、印度班苏里笛、卡瓦尔木笛、排箫、箫 、菲菲笛
NATURAL DISASTER	AVALANCHE	NATDAval	NATD	自然灾害	雪崩	塌方、泥石流
NATURAL DISASTER	EARTHQUAKE	NATDQuak	NATD	自然灾害	地震	地震、隆隆声、隆隆作响、裂缝、低频声
NATURAL DISASTER	MISC	NATDMisc	NATD	自然灾害	其它	各种各样的
NATURAL DISASTER	TORNADO	NATDTorn	NATD	自然灾害	龙卷风	龙卷风、漩涡、水龙卷、龙吸水
NATURAL DISASTER	TSUNAMI	NATDTsun	NATD	自然灾害	热带风暴	浪潮、海啸
NATURAL DISASTER	TYPHOON	NATDThyp	NATD	自然灾害	台风	台风、飓风、旋风、热带风暴
NATURAL DISASTER	VOLCANO	NATDVolc	NATD	自然灾害	火山喷发	喷发、熔岩、岩浆、熔岩炸弹、火山爆发、火山碎屑
OBJECTS	BAG	OBJBag	OBJ	物件	袋子	行李箱、双肩包、背包、钱包、手提包、单肩包、相机包
OBJECTS	BOOK	OBJBook	OBJ	物件	书籍	书、封面、杂志、目录、教科书、字典、册、卷、圣经、出版
OBJECTS	COIN	OBJCoin	OBJ	物件	硬币	扔、翻、碰、丢、旋转、存钱罐、碰杯、叮当声、硬币、零钱、钢镚儿、银币、便士、五分钱、一毛钱、两毛五
OBJECTS	CONTAINER	OBJCont	OBJ	物件	箱盒	盒子、硬纸盒、容器、包裹、珠宝盒、塑料容器、盖子、特百惠、胶囊、面包箱、罐、工具箱、药盒
OBJECTS	FASHION	OBJFash	OBJ	物件	时尚	鞋子、靴子、睫毛膏、口红、化妆品、腰带、饰带、围巾、高跟鞋、眼线笔、太阳镜、眼镜、钱包、帽子、手套、手表、披肩、袜子、大手帕、发带、领带、套袖、背带、长袍、手绢
OBJECTS	FURNITURE	OBJFurn	OBJ	物件	家具	真皮沙发、沙发、摇椅、桌子、椅子、双人沙发、凳子、柜子、书柜、床、长椅、箱子
OBJECTS	GARDEN	OBJGrdn	OBJ	物件	花园	花盆、花园雕塑、水管、水龙头、喷壶、喂鸟器、堆肥器
OBJECTS	GYM	OBJGym	OBJ	物件	健身房	力量器械、哑铃、杠铃、垫子、举重床、跳绳、健身球、瑜伽垫、推举椅、阻力带、壶铃、健身球、练习球
OBJECTS	HOUSEHOLD	OBJHsehld	OBJ	物件	家用品	家用的、家、房子
OBJECTS	JEWELRY	OBJJewl	OBJ	物件	珠宝首饰	手链、手镯、项链、皇冠、耳环、戒指、鼻饰、吊坠、领带针、袖扣
OBJECTS	KEYS	OBJKey	OBJ	物件	钥匙	钥匙圈、钥匙扣、挂绳
OBJECTS	LUGGAGE	OBJLug	OBJ	物件	行李	手提箱、行李、行李袋、行李箱
OBJECTS	MEDICAL	OBJMed	OBJ	物件	医疗	手动血压计、听诊器、橡胶手套、夹子、注射器、镊子
OBJECTS	MISC	OBJMisc	OBJ	物件	其它	各种各样的
OBJECTS	OFFICE	OBJOffc	OBJ	物件	办公设备	订书机、裁纸机、打孔机、剪刀、纸托盘、压纸器、文件夹、活页夹、文件
OBJECTS	PACKAGING	OBJPack	OBJ	物件	包装品	纸板、泡沫聚苯乙烯、泡沫填充物、标签、包装纸、泡沫包装
OBJECTS	TAPE	OBJTape	OBJ	物件	胶带制品	胶带、魔术贴、防蝇纸、胶水、包装胶带、美纹纸胶带、胶布、电工胶带、透明胶带、双面胶带
OBJECTS	UMBRELLA	OBJUmbr	OBJ	物件	伞	摇晃、沙沙声、砰砰声
OBJECTS	WHEELED	OBJWhled	OBJ	物件	有轮制品	婴儿车、手推车、轮椅、婴儿推车、手推车、搬运车、轮床
OBJECTS	WRITING	OBJWrite	OBJ	物件	书写用品	钢笔、铅笔、记号笔、粉笔、蜡笔、白板笔、签字笔
OBJECTS	ZIPPER	OBJZipr	OBJ	物件	拉链	拉链、裤子、夹克、帐篷、包
PAPER	FLUTTER	PAPRFltr	PAPR	纸张	抖动	颤动、襟翼、坠落、五彩纸屑、纸板、纸
PAPER	FRICTION	PAPRFric	PAPR	纸张	碰撞	滑动、刮擦、纸板、纸
PAPER	HANDLE	PAPRHndl	PAPR	纸张	手持噪音	翻、翻页、翻页、浏览、细读、纸板、纸
PAPER	IMPACT	PAPRImpt	PAPR	纸张	摩擦	纸张击打、拍击、巴掌、报纸、杂志、纸板、纸
PAPER	MISC	PAPRMisc	PAPR	纸张	其它	各种各样的
PAPER	RIP	PAPRRip	PAPR	纸张	撕扯	撕裂、撕裂、撕碎、纸板、纸
PAPER	TONAL	PAPRTonl	PAPR	纸张	音乐性	音调、歌唱、铃声、纸、纸板
PLASTIC	BREAK	PLASBrk	PLAS	塑料	断裂	打破、裂缝、撕裂、粉碎、紧缩
PLASTIC	CRASH & DEBRIS	PLASCrsh	PLAS	塑料	碎片	坠落、坠毁、碎片
PLASTIC	FRICTION	PLASFric	PLAS	塑料	挤压	压力、刮擦、剐蹭、吱吱声、尖叫声
PLASTIC	HANDLE	PLASHndl	PLAS	塑料	抓取	把手、手柄、抓握、放置、拾起、放下、抛掷、握住
PLASTIC	IMPACT	PLASImpt	PLAS	塑料	打击	撞击、掉落、撞击、摔打
PLASTIC	MISC	PLASMisc	PLAS	塑料	其它	各种各样的
PLASTIC	MOVEMENT	PLASMvmt	PLAS	塑料	移动	拖动、滚动、摇晃、摇晃
PLASTIC	TONAL	PLASTonl	PLAS	塑料	音乐性	拨尺子、拨塑料、弹塑料、玩塑料、塑料乐器
RAIN	CLOTH	RAINClth	RAIN	雨	布料	涼篷、雨篷、布、夹克、伞、棉
RAIN	CONCRETE	RAINConc	RAIN	雨	水泥	雨水、水泥、路面、沥青、瓷砖、岩石
RAIN	GENERAL	RAIN	RAIN	雨	通用	雨、暴雨、倾盆大雨
RAIN	GLASS	RAINGlas	RAIN	雨	玻璃	雨、玻璃、天窗、窗户、遮阳顶、温室
RAIN	INTERIOR	RAINInt	RAIN	雨	车内	雨、暴雨、室内雨、挡风玻璃雨、屋顶雨
RAIN	METAL	RAINMetl	RAIN	雨	金属	雨、金属、汽车、罐头、铁皮、屋顶
RAIN	PLASTIC	RAINPlas	RAIN	雨	塑料	雨、塑料、乙烯基、有机玻璃
RAIN	VEGETATION	RAINVege	RAIN	雨	植物	雨水落在植物、树叶和草地上、丛林或热带雨林的雨水落在植物叶子上
RAIN	WATER	RAINWatr	RAIN	雨	水	雨、水坑、湖泊、池塘
RAIN	WOOD	RAINWood	RAIN	雨	木质	雨、木、甲板、屋顶、棚、地板
ROBOTS	MISC	ROBTMisc	ROBT	机器人	其它	自动机、机器人、机器人
ROBOTS	MOVEMENT	ROBTMvmt	ROBT	机器人	运动	伺服、螺线管、机械、气动、液压、机器人、机器人
ROBOTS	VOCAL	ROBTVox	ROBT	机器人	语音	机器人、啁啾、哔哔声、口哨声、机器人
ROCKS	BREAK	ROCKBrk	ROCK	岩石	断裂	断裂、裂缝、撕裂、破碎、嘎吱
ROCKS	CRASH & DEBRIS	ROCKCrsh	ROCK	岩石	碎片	掉落、碎片
ROCKS	FRICTION	ROCKFric	ROCK	岩石	挤压	压力、擦伤、嘎吱、吱吱声、吱吱声
ROCKS	HANDLE	ROCKHndl	ROCK	岩石	抓取	挖掘机、抓握、放置、拾起、放下、抛掷、握住
ROCKS	IMPACT	ROCKImpt	ROCK	岩石	打击	击中、掉落、撞击、跌落、哐啷、撞击声、叮当、猛击
ROCKS	MISC	ROCKMisc	ROCK	岩石	其它	各种各样的
ROCKS	MOVEMENT	ROCKMvmt	ROCK	岩石	移动	拖动、滚动、嘎嘎声、摇晃
ROCKS	TONAL	ROCKTonl	ROCK	岩石	音乐性	弓、石质乐器、玩石头、
ROPE	CREAK	ROPECreak	ROPE	绳索	拉扯	拉伸、拉紧、拉扯
ROPE	HANDLE	ROPEHndl	ROPE	绳索	抓取	抓握、放置、拾起、放下、抛掷、握住
ROPE	IMPACT	ROPEImpt	ROPE	绳索	打击	抽打、击中、掉落、撞击
ROPE	MISC	ROPEMisc	ROPE	绳索	其它	各种各样的
ROPE	MOVEMENT	ROPEMvmt	ROPE	绳索	移动	滑索、拉链、结、领带
RUBBER	CRASH & DEBRIS	RUBRCrsh	RUBR	橡胶	碎片	碎片、分散、扑通
RUBBER	FRICTION	RUBRFric	RUBR	橡胶	挤压	吱吱声、拖拽、摩擦、刮擦、压力
RUBBER	HANDLE	RUBRHndl	RUBR	橡胶	抓取	抓握、放置、拾起、放下、抛掷、握住
RUBBER	IMPACT	RUBRImpt	RUBR	橡胶	打击	敲击、撞击、弹跳、掉落
RUBBER	MISC	RUBRMisc	RUBR	橡胶	其它	各种各样的
RUBBER	MOVEMENT	RUBRMvmt	RUBR	橡胶	移动	移动、拖拽、拍打、落下
RUBBER	TONAL	RUBRTonl	RUBR	橡胶	音乐性	音调、橡胶、歌唱
SCIFI	ALARM	SCIAlrm	SCI	科幻	警报	科幻警报、警报、警告
SCIFI	COMPUTER	SCICmpt	SCI	科幻	电脑	计算机、控制台、界面、全屏
SCIFI	DOOR	SCIDoor	SCI	科幻	门	科幻门、气闸
SCIFI	ENERGY	SCIEnrg	SCI	科幻	能量	粒子、涡流、转运体、全息图、力场
SCIFI	IMPACT	SCIImpt	SCI	科幻	打击	能量冲击、波浪能、力场
SCIFI	MACHINE	SCIMach	SCI	科幻	机械	传送器、食物复制器、全息成像、平台
SCIFI	MECHANISM	SCIMech	SCI	科幻	机械设备	三录仪、科幻设备、小发明
SCIFI	MISC	SCIMisc	SCI	科幻	其它	各种各样的
SCIFI	RETRO	SCIRetro	SCI	科幻	复古	老式科幻
SCIFI	SPACESHIP	SCIShip	SCI	科幻	太空船	宇宙飞船、不明飞行物、母舰、战列巡洋舰、星舰
SCIFI	VEHICLE	SCIVeh	SCI	科幻	载具	月球车、陆行艇、超速自行车、悬浮滑板、飞梭赛车
SCIFI	WEAPON	SCIWeap	SCI	科幻	武器	光剑、异种武器
SNOW	CRASH & DEBRIS	SNOWCrsh	SNOW	雪	碎片	雪球、雪崩
SNOW	FRICTION	SNOWFric	SNOW	雪	挤压	压力、刮擦、吱吱声、吱吱声、尖啸
SNOW	HANDLE	SNOWHndl	SNOW	雪	抓取	抓握、放置、拾起、放下、抛掷、握住
SNOW	IMPACT	SNOWImpt	SNOW	雪	打击	雪球、雪飘、倾倒、飘落
SNOW	MISC	SNOWMisc	SNOW	雪	其它	各种各样的
SNOW	MOVEMENT	SNOWMvmt	SNOW	雪	移动	涉水、拖拽、犁地、摸索
SPORTS	COURT	SPRTCourt	SPRT	运动	球类运动	篮球、网球、击剑、排球、壁球、羽毛球、无板篮球、壁球、躲避球、沙狐球、手球
SPORTS	FIELD	SPRTField	SPRT	运动	户外运动	足球、橄榄球、棒球、曲棍球、板球、橄榄球、马球、长曲棍球
SPORTS	GYM	SPRTGym	SPRT	运动	健身	拳击、摔跤、体操、重量训练、武术、空手道、柔道、跆拳道、柔道、功夫
SPORTS	INDOOR	SPRTIndor	SPRT	运动	室内运动	保龄球、台球、乒乓球、飞镖
SPORTS	MISC	SPRTMisc	SPRT	运动	其它	高尔夫球
SPORTS	SKATE	SPRTSkate	SPRT	运动	冰上运动	滑板、轮滑、旱冰、滑板车
SPORTS	TRACK & FIELD	SPRTTrck	SPRT	运动	田径	跳远、跑步、撑杆跳、铅球、标枪投掷
SPORTS	WATER	SPRTWatr	SPRT	运动	水上运动	游泳、水球、水排球、潜水、滑水、冲浪、风筝冲浪、水肺潜水、浮潜
SPORTS	WINTER	SPRTWntr	SPRT	运动	冬季运动	滑雪、单板滑雪、雪橇、滑冰、雪橇、冰壶、冰球、雪橇、速度滑冰
SWOOSHES	SWISH	SWSH	SWSH	嗖嗖声	嗖嗖声	嗖嗖、武术、呼啸而过、颤振、摇摆
SWOOSHES	WHOOSH	WHSH	WHSH	呼呼声	呼呼声	呜呜
TOOLS	GARDEN	TOOLGrdn	TOOL	工具	园林工具	耙子、锄头、铁锹、泥铲、扫把、修剪剪刀、花园叉、分蘖、园艺剪、铲子、除草机
TOOLS	HAND	TOOLHand	TOOL	工具	手持	锤子、螺丝刀、钳子、扳手、棘轮、插座、手锯、夹钳、刀具、撬棒、凿子、刮刀、钉枪、锉刀、剪刀
TOOLS	MISC	TOOLMisc	TOOL	工具	其它	各种各样的
TOOLS	PNEUMATIC	TOOLPneu	TOOL	工具	气动	手提钻、气动工具、气动棘轮、射钉枪
TOOLS	POWER	TOOLPowr	TOOL	工具	电动	钻头、电锯、圆锯、线锯、砂光机、砂带机、槽刨机、电动螺丝刀、热风枪
TOYS	ELECTRONIC	TOYElec	TOY	玩具	电动	遥控车、老虎机、语音益智玩具、电子宠物
TOYS	MECHANICAL	TOYMech	TOY	玩具	机械	发条玩具、玩具机器人、发条玩具
TOYS	MISC	TOYMisc	TOY	玩具	其它	动作人偶、娃娃、毛绒动物
TRAINS	BRAKE	TRNBrake	TRN	火车	刹车	断裂、尖叫、摩擦
TRAINS	CLACK	TRNClak	TRN	火车	哐当	噼啪
TRAINS	DOOR	TRNDoor	TRN	火车	门	火车门、地铁门、自动门
TRAINS	DIESEL	TRNDiesl	TRN	火车	内燃机车	柴油火车
TRAINS	ELECTRIC	TRNElec	TRN	火车	电力机车	通勤列车、区域列车、城市线、城际列车、轻轨
TRAINS	HIGH SPEED	TRNHspd	TRN	火车	高速列车	高科技列车、磁悬浮列车、单轨列车、超级高铁、子弹头列车
TRAINS	HORN	TRNHorn	TRN	火车	鸣笛	火车喇叭、地铁喇叭
TRAINS	INTERIOR	TRNInt	TRN	火车	车厢内	通勤列车、区域列车、城市线、城际列车、轻轨、货运列车、地铁、单轨列车
TRAINS	MECHANISM	TRNMech	TRN	火车	机械	分流、解耦
TRAINS	MISC	TRNMisc	TRN	火车	其它	各种各样的
TRAINS	STEAM	TRNSteam	TRN	火车	蒸汽火车	蒸汽火车、煤炭火车
TRAINS	SUBWAY	TRNSbwy	TRN	火车	地铁	地铁、地铁、管、快速铁路
TRAINS	TRAM	TRNTram	TRN	火车	电车	电车、电车、缆车、索道缆车、抓地车
USER INTERFACE	ALERT	UIAlert	UI	用户界面	警告	警报、提示音、短信、通知、启动
USER INTERFACE	BEEP	UIBeep	UI	用户界面	提示音	电脑蜂鸣、手机蜂鸣
USER INTERFACE	CLICK	UIClick	UI	用户界面	点击	单击、点击、键入
USER INTERFACE	DATA	UIData	UI	用户界面	数据	数据、处理、信息、思考
USER INTERFACE	GLITCH	UIGlitch	UI	用户界面	故障	故障、终结、失败、错误、
USER INTERFACE	MISC	UIMisc	UI	用户界面	其它	各种各样的
USER INTERFACE	MOTION	UIMvmt	UI	用户界面	动态	滑动、滚动、缩放、翻页
VEGETATION	GRASS	VEGEGras	VEGE	植物	草	草沙沙声、走过、干草、小麦
VEGETATION	LEAVES	VEGELeaf	VEGE	植物	叶	叶漩涡、落叶、叶堆
VEGETATION	MISC	VEGEMisc	VEGE	植物	其它	叶子
VEGETATION	TREE	VEGETree	VEGE	植物	树	树倒下、树枝折断、树枝折断、树枝
VEHICLES	ALARM	VEHAlrm	VEH	车辆	警报	汽车、汽车报警器、布防、撤防、遥控钥匙
VEHICLES	ANTIQUE	VEHAntq	VEH	车辆	古董车	汽车、轿车、机动车、奥尔兹莫比尔、老爷车、福特T型車
VEHICLES	ATV	VEHAtv	VEH	车辆	全地形车	四轮车、三轮车、四轮车、沙滩越野车
VEHICLES	BICYCLE	VEHBike	VEH	车辆	自行车	单车、自行车、斜躺自行车、独轮车、双轮双座自行车、自从车越野赛
VEHICLES	BRAKE	VEHBrake	VEH	车辆	刹车	刹车异响、异响、摩擦声、刺耳声
VEHICLES	BUS	VEHBus	VEH	车辆	公交车	城市巴士、校车、灰狗巴士、长途巴士、旅游巴士、双层巴士
VEHICLES	CAR	VEHCar	VEH	车辆	汽车	汽车、机动车
VEHICLES	CONSTRUCTION	VEHCnst	VEH	车辆	工程车	起重机、推土机、挖土机、挖掘机、挖掘机、铲车
VEHICLES	DOOR	VEHDoor	VEH	车辆	门	汽车、车门、货车门、卡车门
VEHICLES	ELECTRIC	VEHElec	VEH	车辆	电动	两轮电动平衡车、高尔夫球车、电动滑板车、电动车、电动摩托车、特斯拉
VEHICLES	EMERGENCY	VEHEmrg	VEH	车辆	紧急状态	消防车、消防车、救护车、警车、特警车
VEHICLES	FARM	VEHFarm	VEH	车辆	农场	拖拉机、收割机、脱壳机、骑乘式割草机
VEHICLES	FREIGHT	VEHFrght	VEH	车辆	货车	大型钻机、卡车、半卡车、U-haul 卡车、penske、箱式卡车、货运卡车
VEHICLES	GENERIC BY	VEHBy	VEH	车辆	通用驰过	汽车、路过
VEHICLES	HORN	VEHHorn	VEH	车辆	鸣笛	汽车、汽车喇叭
VEHICLES	INTERIOR	VEHInt	VEH	车辆	车内	汽车、卡车、面包车、车内饰、驾驶、车载
VEHICLES	JALOPY	VEHJalop	VEH	车辆	熄火	汽车、hoopty、旧车、垃圾车、错误启动、熄火、故障、逆火
VEHICLES	MECHANISM	VEHMech	VEH	车辆	设施	车窗曲柄、手套箱、挡风玻璃、雨刷、后备箱、安全带、安全带、转向灯、换档
VEHICLES	MILITARY	VEHMil	VEH	车辆	军用	坦克、APC、装甲运兵车、悍马、吉普车
VEHICLES	MISC	VEHMisc	VEH	车辆	其它	雪地摩托
VEHICLES	MOTORCYCLE	VEHMoto	VEH	车辆	摩托车	滑板车、摩托车、vespa、摩托车越野赛、越野车
VEHICLES	RACING	VEHRace	VEH	车辆	赛车	汽车、赛车、飙车、indy、方程式赛车、纳斯卡、大奖赛、怪物卡车
VEHICLES	SIREN	VEHSirn	VEH	车辆	警报车辆	救护车、警察、警报器、消防车、消防员
VEHICLES	SKID	VEHSkid	VEH	车辆	轮胎摩擦	轮胎打滑、剥落、引擎排气、爆胎
VEHICLES	SUSPENSION	VEHSusp	VEH	车辆	悬挂	悬架、减震弹簧、吱吱声、嘎嘎声
VEHICLES	TIRE	VEHTire	VEH	车辆	轮胎打滑	轮胎、滚、轮箍
VEHICLES	TRUCK VAN & SUV	VEHTruck	VEH	车辆	厢式车	轿车、汽车、客车、皮卡车、面包车、SUV、平板车、
VEHICLES	UTILITY	VEHUtil	VEH	车辆	工具	沙滩越野车、排座式全地形车、双人车、全地域越野车、福特皮卡、多功能车
VEHICLES	WAGON	VEHWagn	VEH	车辆	马车	马车、驿马车、马车、马车、木车
VEHICLES	WINDOW	VEHWndw	VEH	车辆	窗	汽车、自动窗、电动窗
VOICES	ALIEN	VOXAlien	VOX	语音	外星人	外星语
VOICES	BABY	VOXBaby	VOX	语音	婴儿	细语、胡言乱语、大惊小怪、嘟囔
VOICES	CHEER	VOXCheer	VOX	语音	欢呼	鼓掌、喝倒彩、欢呼、耶、呐喊、哇、喝彩
VOICES	CHILD	VOXChld	VOX	语音	儿童	儿童、青少年、少年
VOICES	CRYING	VOXCry	VOX	语音	哭泣	哭泣、噘嘴、啜泣、抽噎、呜咽、大哭、大惊小怪、受伤
VOICES	EFFORTS	VOXEfrt	VOX	语音	呼喝	努力、哼唧声、拼搏、竭力、用力
VOICES	FEMALE	VOXFem	VOX	语音	女性	女人、女
VOICES	FUTZED	VOXFutz	VOX	语音	音响化	音响喇叭、公共演讲、公告、扩声器
VOICES	HISTORICAL	VOXHist	VOX	语音	历史感	演讲、演讲、广播、新闻、历史
VOICES	LAUGH	VOXLaff	VOX	语音	笑	傻笑、抿嘴笑、暗笑、大笑、嗬嗬、呼叫、狂笑、歇斯底里
VOICES	MALE	VOXMale	VOX	语音	男性	男人、男
VOICES	MISC	VOXMisc	VOX	语音	其它	各种各样的
VOICES	REACTION	VOXReac	VOX	语音	反应	哎呀、喔、呜、啊哈、啊、嗯哦、嗯、唔哼、呃
VOICES	SCREAM	VOXScrm	VOX	语音	尖叫	大喊大叫、尖叫、死亡、跌倒
VOICES	SINGING	VOXSing	VOX	语音	歌唱	唱歌、哼唱、小曲
VOICES	WHISPER	VOXWhsp	VOX	语音	窃语	耳语、低语、喃喃自语、嘘
WATER	BUBBLES	WATRBubl	WATR	水	气泡	泡泡、煮沸、煨、泡泡、粘液、大锅、药水
WATER	DRAIN	WATRDran	WATR	水	排水	排水管、汩汩地流、潺潺声、下水道、淋浴、水槽、雨水渠
WATER	DRIP	WATRDrip	WATR	水	滴	水滴、滴、扑通声、涓涓细流、流淌、渗漏、洞
WATER	FIZZ	WATRFizz	WATR	水	气泡	嘶嘶声、苏打水、气泡、嘶嘶声
WATER	FLOW	WATRFlow	WATR	水	水流	河、溪、溪、水流、河道、支流、溪、沟渠、溪流、泉
WATER	FOUNTAIN	WATRFoun	WATR	水	喷泉	喷泉、浪花、飞溅、涓流、嘶嘶声
WATER	IMPACT	WATRImpt	WATR	水	击打	泼洒、跳水、巨浪、深水炸弹、浇灌
WATER	LAP	WATRLap	WATR	水	拍浪	涟漪、拍打冲刷、船体、荡漾、晃动
WATER	MISC	WATRMisc	WATR	水	其它	各种各样的
WATER	MOVEMENT	WATRMvmt	WATR	水	移动	泼水、 玩水、 溅水、 扫水、 踏水
WATER	PLUMBING	WATRPlmb	WATR	水	水管道	马桶冲水、水槽、淋浴、喷头
WATER	POUR	WATRPour	WATR	水	倒水	倒出、填充、倾倒、倒空
WATER	SPLASH	WATRSplsh	WATR	水	泼洒飞溅	飞溅、游泳、淌水、潜水、跳水、晃动、泼洒、淹没
WATER	SPRAY	WATRSpray	WATR	水	水花	喷雾、喷洒、喷射、喷洒、喷、涌出
WATER	STEAM	WATRStm	WATR	水	蒸汽	喷、雾气、蒸汽、嘶嘶、湿气、溅射
WATER	SURF	WATRSurf	WATR	水	浪花拍岸	海岸线、海岸、海滨、沙滩、波浪
WATER	TURBULENT	WATRTurb	WATR	水	汹涌澎湃	漩涡、 波浪池、 急流、 涡流
WATER	UNDERWATER	WATRUndwtr	WATR	水	水下	水下、流动、湍流、 暗流
WATER	WATERFALL	WATRFall	WATR	水	瀑布	瀑布、梯级瀑布、大坝、洪流、尼加拉瀑布
WATER	WAVE	WATRWave	WATR	水	波浪	波浪、防波堤、潮汐、海滨、码头、叠浪
WEAPONS	ARMOR	WEAPArmr	WEAP	武器	护甲	盔甲、锁子甲、头盔、鳞甲、胸甲、护具、夹板
WEAPONS	ARROW	WEAPArro	WEAP	武器	箭	箭头、箭栓、箭羽、箭袋
WEAPONS	AXE	WEAPAxe	WEAP	武器	斧	斧头、斧头、砍刀、飞斧
WEAPONS	BLUNT	WEAPBlnt	WEAP	武器	钝器	棒球棍、 狼牙棒、 球链、 双节棍、 战锤、 壁板、 铜指关节、 连枷、 警棍
WEAPONS	BOW	WEAPBow	WEAP	武器	弓	长弓、复合弓、弩
WEAPONS	KNIFE	WEAPKnif	WEAP	武器	刀	弹簧刀、水果刀、蝴蝶刀、猎刀、美工刀、切肉刀、屠刀、战刀、厨师刀
WEAPONS	MISC	WEAPMisc	WEAP	武器	其它	弹弓
WEAPONS	POLEARM	WEAPPole	WEAP	武器	矛	长矛、长枪、鱼叉、戟、标枪、长柄斧、长柄斧
WEAPONS	SIEGE	WEAPSiege	WEAP	武器	投石机	弹射器、投石机、攻城锤、弩炮、攻城塔
WEAPONS	SWORD	WEAPSwrd	WEAP	武器	剑	镰刀、弯刀、阔剑、细剑、长剑、武士刀、弯刀、击剑剑、武士刀、大砍刀、军刀、维京剑、唐刀、 金属薄片
WEAPONS	WHIP	WEAPWhip	WEAP	武器	鞭	牛鞭、马鞭、鞭子、皮鞭
WEATHER	HAIL	HAIL	HAIL	天气	冰雹	冰雹、冰、雨夹雪
WEATHER	MISC	WTHR	WTHR	天气	其它	各种各样的
WEATHER	STORM	STORM	STORM	天气	风暴	飓风、雷暴、台风、雨夹雪、沙尘暴、龙卷风、旋风、冰雹、恶劣天气
WEATHER	THUNDER	THUN	THUN	天气	雷	雷暴、闪电、霹雳、炸雷、 雷声、裂纹、滚雷、隆隆声
WHISTLES	HUMAN	WHSTHmn	WHST	哨音	人	口哨、 欢呼、 人浪、 声浪、 狼哨、 信号
WHISTLES	MECHANICAL	WHSTMech	WHST	哨音	机械设备	船笛、嘟嘟、警笛、茶壶、火车汽笛
WHISTLES	MISC	WHSTMisc	WHST	哨音	其它	鼻笛
WIND	DESIGNED	WINDDsgn	WIND	风	声音设计	风力机、合成的、人工的、音调
WIND	GENERAL	WIND	WIND	风	通用	各种各样的
WIND	GUST	WINDGust	WIND	风	阵风	阵风、大风、小束、微风、飘、大风、乱舞
WIND	INTERIOR	WINDInt	WIND	风	室内	室内、百叶窗、摩擦、呻吟、草稿
WIND	TONAL	WINDTonl	WIND	风	音乐性	嚎叫、口哨、呻吟、音调
WIND	TURBULENT	WINDTurb	WIND	风	汹涌澎湃	旋风、 狂风、 强风、 飓风、 台风
WIND	VEGETATION	WINDVege	WIND	风	植物	树叶、植被、草、树、叶子、植物、沙沙声
WINDOWS	COVERING	WNDWCover	WNDW	窗户	遮挡物	窗帘、百叶窗、百叶窗、遮罩、 遮光罩
WINDOWS	HARDWARE	WNDWHdwr	WNDW	窗户	窗具	窗户栓、 窗锁、窗户、车窗密封条
WINDOWS	KNOCK	WNDWKnck	WNDW	窗户	敲窗	敲击、窗格、晃动
WINDOWS	METAL	WNDWMetl	WNDW	窗户	金属	金属框架
WINDOWS	MISC	WNDWMisc	WNDW	窗户	其它	各种各样的
WINDOWS	PLASTIC	WNDWPlas	WNDW	窗户	塑料	塑料框架
WINDOWS	WOOD	WNDWWood	WNDW	窗户	木质	木框
WINGS	BIRD	WINGBird	WING	翅膀	鸟	鸟翼、 扑动、 飞过
WINGS	CREATURE	WINGCrea	WING	翅膀	生物	龙翼、仙女翼、狮鹫翼、狮身人面像翼、天使翼、凤凰翼、巨鸟翼
WINGS	INSECT	WINGInsc	WING	翅膀	昆虫	飞、蜜蜂、蜻蜓、蛾、蝴蝶、甲虫、圣甲虫、大黄蜂、黄蜂、蝗虫
WINGS	MISC	WINGMisc	WING	翅膀	其它	各种各样的
WOOD	BREAK	WOODBrk	WOOD	木头	断裂	断裂、裂缝、撕裂、破碎、咬合、碎片
WOOD	CRASH & DEBRIS	WOODCrsh	WOOD	木头	碎片	坠落、碎片、坠毁、坠落、木材
WOOD	FRICTION	WOODFric	WOOD	木头	挤压	压力、擦伤、吱吱声、尖叫声
WOOD	HANDLE	WOODHndl	WOOD	木头	抓取	处理、抓取、设置、拾取、放下、扔、接住
WOOD	IMPACT	WOODImpt	WOOD	木头	击打	击中、跌落、撞击、撞毁、 砰、 劈、 碰、 铛
WOOD	MISC	WOODMisc	WOOD	木头	其它	各种各样的
WOOD	MOVEMENT	WOODMvmt	WOOD	木头	移动	拖动、滚动、摇晃、晃动
WOOD	TONAL	WOODTonl	WOOD	木头	音乐性	金属、 拔剑、 瑜伽、 敲击、 音律
